Y,log,BIC,AIC,ridge,lasso,elast,arbre,foret
1,0.7419157028058813,0.6886292164905725,0.6886292164905725,0.6774119921444127,0.5983539182769575,0.6050230284108209,1.0,0.81
1,0.2922725921000248,0.3623613921093594,0.3334705158247937,0.3167758316745968,0.37268103221827786,0.3579517924007526,0.0,0.25
0,0.25051251918917744,0.31330469113249965,0.2296236622836356,0.2856693712942396,0.314003123461741,0.2968529296051701,0.6666666666666666,0.17
1,0.7186688935199013,0.7195322199913673,0.680653117423137,0.6790723281629626,0.6956938082777054,0.6815188990190679,1.0,0.77
1,0.7125184099839149,0.7109297140222284,0.7109297140222284,0.649601033005211,0.5187011026914041,0.5353419767148456,0.4,0.42
0,0.6330391058661369,0.6394244250349547,0.6394244250349547,0.6030500087420818,0.5668223445724134,0.6101466816167058,1.0,0.58
0,0.24248818894997032,0.20044835753236556,0.25044339831378887,0.24731614827759946,0.2419205892015527,0.2422725255784426,0.2222222222222222,0.19
1,0.574503442407922,0.6810867681538709,0.6498689177345036,0.4938314423807268,0.554156785471589,0.5515934520053541,1.0,0.46
0,0.134918051483817,0.14973609164357146,0.1514141385922656,0.17360836706481048,0.1556773581530467,0.17083667785949785,0.0,0.11
1,0.6279245506931806,0.6608051155887511,0.6608051155887511,0.5568718408283966,0.4572964281380042,0.4614571521757232,0.625,0.6
1,0.6135897271544505,0.5367491020813373,0.5367491020813373,0.5595401138269221,0.38815670773434996,0.38390206163599017,0.625,0.47
1,0.6590482554630365,0.6509601959429766,0.6509601959429766,0.6020452644063435,0.5119693174582156,0.5344040171331944,0.0,0.37
0,0.03754230999426725,0.036849432402350085,0.0399726711894895,0.06261620880793703,0.04762811252637471,0.05681313999182483,0.0,0.0
0,0.028369046855402348,0.027572277597148954,0.027572277597148954,0.07260232271703551,0.08592497953830523,0.07742829353615116,0.0,0.03
0,0.5245631387499845,0.6878709440131868,0.5980015725399099,0.46900588034120827,0.5210572767142265,0.5324963172411226,1.0,0.6
0,0.21765289255939665,0.42542432201414165,0.24516802048970787,0.2531599410763246,0.36766541166136174,0.22994433766561673,0.0,0.29
0,0.8700815855528808,0.843700941284216,0.843700941284216,0.7592443101123587,0.6978708157962455,0.7079086495697193,0.5714285714285714,0.47
1,0.9003733624884944,0.9100567086458597,0.9003641719705187,0.8219010637097871,0.7870467743999873,0.8149792797127597,0.4,0.88
1,0.7867508264127785,0.7788706188864662,0.7929104494091453,0.7014543818294317,0.677925485059068,0.6962028755485123,1.0,0.54
1,0.7194388705424296,0.7756148738900228,0.7756148738900228,0.6559538974506847,0.653362488679097,0.6666358671377249,0.6,0.63
1,0.07928411333015126,0.07220212713679719,0.0819450559205495,0.09706891059878282,0.12778789601787852,0.08348019754070109,0.625,0.27
0,0.38213421198360503,0.4000164119127293,0.3859824293770403,0.39289294822357534,0.3890006980711504,0.3904001954517068,0.0,0.16
0,0.677824273124509,0.5988335375337832,0.633694263141528,0.5941051470052401,0.6055734705249929,0.5742473685195373,0.8333333333333334,0.7
0,0.26662263381693474,0.29413195189354413,0.29413195189354413,0.2750753029470147,0.32599516614767005,0.31435934116985326,0.4444444444444444,0.43
0,0.6107231640804426,0.618078156305744,0.618078156305744,0.5796054228095926,0.5555236844098677,0.5944862599249423,1.0,0.72
1,0.7586146976824558,0.7076252906893101,0.7076252906893101,0.7028643001576096,0.6239346856116028,0.7143424569149412,0.8,0.56
0,0.39302721575441046,0.5480539198408676,0.5480539198408676,0.4195974848425726,0.48233962944867553,0.431660044273782,0.0,0.48
1,0.6478619334798567,0.590045108116954,0.590045108116954,0.5623034777113335,0.458862021806915,0.4611228422236345,1.0,0.68
0,0.646653051148814,0.6732003513227411,0.6494372198227257,0.5831647176113498,0.5809037196785595,0.590795696761578,1.0,0.68
1,0.4254644137626332,0.49130339520550337,0.49130339520550337,0.4149150938249873,0.4586291435236251,0.44258656588560324,0.6,0.53
1,0.21716162016233867,0.19175348750828547,0.19175348750828547,0.23719902306977772,0.28215246982058767,0.27405537877275365,0.0,0.28
1,0.3876091230757772,0.19982976204934888,0.30037486397429236,0.3628740837362557,0.28293118654651406,0.36273659449479057,0.42857142857142855,0.32
1,0.6578197881141953,0.6929182397195193,0.6929182397195193,0.6098131694555277,0.5912225990760133,0.5868448442873295,1.0,0.71
1,0.25144307250236025,0.29092559819949854,0.2661802441835197,0.313615635924335,0.29483878926785756,0.30450706466377453,0.16666666666666666,0.25
0,0.33614564739227937,0.2946205909848458,0.3758405792194466,0.35431560773329235,0.3550169304700763,0.35686321032770907,0.42857142857142855,0.23
1,0.13882819891990456,0.13308318275035858,0.13308318275035858,0.1579515133277376,0.16057138279709668,0.14845792583020145,1.0,0.32
0,0.16081326640389962,0.16600343994820627,0.16600343994820627,0.19967565426787848,0.20207456269138754,0.1773244273011897,0.2,0.32
0,0.16612561650967259,0.2248117852305654,0.2248117852305654,0.20633906612232727,0.20740252023823091,0.19994556108592587,0.0,0.25
0,0.28523670992648,0.27834195941006773,0.28212718707256906,0.28287960462092887,0.272219300244597,0.27842721878507665,0.5,0.26
1,0.8862158667781594,0.8840677714831452,0.8840677714831452,0.8245804031344114,0.8497471680066876,0.8522186283361465,1.0,0.77
1,0.3961986035292928,0.43028504212237995,0.43028504212237995,0.3960860638989284,0.3996870578919905,0.3923232532476021,0.0,0.33
0,0.04330951071208343,0.037174573074320545,0.037174573074320545,0.06812132530054595,0.07489302009200413,0.05017263435186465,0.0,0.08
0,0.018266686325339728,0.017634443595318218,0.017941034274339455,0.04026487904332786,0.024776313097375224,0.0325426328695121,0.0,0.06
1,0.31005258324906637,0.37757867497338693,0.33526831174448674,0.3300451897067088,0.37494770774146813,0.3628180219339773,1.0,0.24
0,0.008437123820952214,0.04058529199464331,0.03645641582198273,0.033899845944389426,0.061048033978858045,0.06909667696565197,0.0,0.03
0,0.3294164415342525,0.32867956245840474,0.30722538534885174,0.30880748772883276,0.3191607739437589,0.31454377483126883,1.0,0.21
1,0.8592515844800377,0.8481107574916442,0.8481107574916442,0.8046019625964457,0.7688111160723865,0.8382516903672599,1.0,0.78
1,0.2693525733149391,0.33994932234862285,0.3021481385468099,0.31697342790402977,0.3209796125723121,0.32882527348787643,0.16666666666666666,0.26
0,0.037605943836155245,0.034047628985993825,0.034047628985993825,0.0618187864244887,0.0829234719491664,0.08459229668468504,0.4,0.04
0,0.11846897501111395,0.13982749313086698,0.10283315500406726,0.17473192363219023,0.18087344929938282,0.17289666173605386,0.0,0.13
0,0.28768526196287514,0.3088507167868263,0.3088507167868263,0.31086429308590036,0.3038982391722753,0.30254071090730983,0.875,0.38
0,0.20897804795259028,0.24832517875337667,0.21827680470880578,0.24012422865949964,0.28932232660462887,0.2149839431135488,0.0,0.19
1,0.29448261429096717,0.1698743920351352,0.2810013706745161,0.320507630080813,0.2860505319818631,0.29832086936697255,0.42857142857142855,0.3
1,0.2682013177352813,0.2599934000817739,0.27847810255255556,0.29441119355186157,0.2864075835224777,0.29100353536471746,0.2222222222222222,0.28
0,0.2991784879243124,0.2654425055638013,0.2654425055638013,0.29901909180646585,0.28941897633598285,0.2967907579281265,0.7777777777777778,0.48
0,0.3870066937567409,0.3477133284055803,0.36481919238374433,0.4176643590731217,0.3760860351607437,0.38447095222048255,0.0,0.2
0,0.05941223327365569,0.06239321284713901,0.06239321284713901,0.0888682919616932,0.12996124059055383,0.12845468769016208,0.0,0.07
1,0.17172962981306172,0.1717373970587956,0.16363431123577887,0.21703282722423878,0.24066638618589142,0.2449801876817382,0.2,0.11
0,0.0393806546324705,0.04447203495455055,0.03627260328872739,0.07281865982783994,0.08034818879121353,0.07227786045452841,0.0,0.09
0,0.533361468044731,0.5442767394310075,0.5972395245325883,0.4582904116194493,0.5324983381682138,0.5092168843200887,0.2222222222222222,0.41
0,0.10924554735626923,0.09335005965138092,0.10351752465246827,0.14514549893007203,0.14832548840398918,0.14196140278377714,0.3333333333333333,0.14
0,0.5343016156132848,0.4903690651503965,0.5092632082568613,0.4573753164687052,0.41474650472859875,0.41397809690236936,1.0,0.45
0,0.8065718146119001,0.7950169565242439,0.8024581695721691,0.7172233733327911,0.7727640907028679,0.7414750840536379,0.8,0.68
0,0.08241011580120647,0.09128225573247317,0.09128225573247317,0.1186404302745598,0.10589650626428151,0.1036648782753326,0.2,0.28
0,0.04020879706239707,0.03823932371850025,0.03823932371850025,0.06512293175240139,0.0859270701806608,0.08870040959483717,0.4,0.0
0,0.6618548096879957,0.6275243392019133,0.6359575374384061,0.5533695820536817,0.5031482997164973,0.49309784091458675,0.625,0.52
0,0.17689220089896449,0.20365132646168824,0.20365132646168824,0.224333874706736,0.26373546784274454,0.2675352201679004,0.0,0.25
0,0.02276814112716134,0.03367731374293285,0.02827371198432552,0.05257508938880707,0.07492713920437864,0.06427716874407235,0.0,0.05
0,0.33025726607206013,0.37495205842643714,0.3463021263012684,0.37445082975424065,0.3818687080106775,0.3925040992346298,0.8333333333333334,0.54
1,0.14855937856388593,0.13941488735984847,0.13941488735984847,0.1580930364459751,0.15933902319649054,0.14977559725338854,0.0,0.06
0,0.03970947678343024,0.03561035595314349,0.03313396423597691,0.06975812030281786,0.05682234274135545,0.06551849221000673,0.2,0.18
0,0.1559606257727463,0.11872376670977851,0.11872376670977851,0.17267726770137545,0.16308234665333757,0.1629556678302442,0.0,0.52
0,0.17723314030317558,0.17906725735549447,0.17906725735549447,0.2174379317770475,0.2244714253983746,0.22844850422268487,0.5714285714285714,0.19
0,0.2317747180146963,0.14704667810055042,0.21496627008663624,0.23587773407334633,0.22822994290402157,0.23893651145254904,0.2,0.22
0,0.1951036525565798,0.21020253040569792,0.20241921038904864,0.22567885513795985,0.20725773734748126,0.2174509672427778,0.0,0.19
0,0.15550688630987178,0.1359695087465393,0.16508466640376904,0.1903067239746264,0.22116497126880832,0.22236622071455478,0.42857142857142855,0.38
0,0.2700358125880655,0.31227989178463006,0.2921240622250055,0.29566486912841133,0.32769454139457366,0.32242427018758063,1.0,0.29
1,0.5563117232264606,0.5087406726457898,0.5527836070427595,0.5134545382267377,0.4603828309410251,0.5366003182236231,1.0,0.54
1,0.41200564339584694,0.3338826633215518,0.3753322199320125,0.40476890693908985,0.3848500123175317,0.3793282768514429,0.0,0.37
0,0.32944324487812465,0.3796418280940589,0.3796418280940589,0.3344344990096014,0.3583378968470861,0.35259510515425474,0.875,0.6
1,0.5590610002514702,0.550122435324018,0.550122435324018,0.48863093105939065,0.4797814859319166,0.48147354842194057,0.8,0.46
1,0.11997133692781675,0.4059686966197699,0.17101367713043472,0.28302001206713645,0.3934065246779881,0.39239187434430367,0.16666666666666666,0.52
1,0.7169468258094555,0.7102269754032924,0.7102269754032924,0.6594187053990848,0.5691945340656842,0.5754235985837415,0.6666666666666666,0.7
1,0.5060638547751186,0.5170990290932582,0.5170990290932582,0.5012169652234268,0.46101890338571805,0.4632119910139373,0.16666666666666666,0.43
0,0.1450120882983764,0.14107668132849802,0.12776420261452665,0.16455528899083124,0.18244175244859695,0.14907058632719095,0.0,0.03
0,0.13713755919315565,0.185805984010834,0.14658848144201547,0.17656859974606137,0.24249834688357896,0.1455654528674495,0.0,0.18
1,0.556677540086707,0.5326052928871922,0.5017646925322559,0.4603977402317464,0.4647085733107075,0.4560722105549825,0.8,0.53
0,0.2170801493662959,0.23044058311211657,0.23044058311211657,0.26539913875256343,0.30691267276036394,0.30211622259489546,0.0,0.14
0,0.3930186966968163,0.3898030296560173,0.3658494422407874,0.36172747366516145,0.37097139804802753,0.37020530555603437,0.2222222222222222,0.34
0,0.10161826643143103,0.14246111024818267,0.09713186724030196,0.16071446730227124,0.2083703074269467,0.1800761343780998,0.0,0.18
0,0.03226232632282609,0.0331416870959385,0.03640689659842357,0.05911996934362599,0.044150901765882315,0.054549390588977904,0.0,0.03
1,0.43507993207696355,0.49528512515326695,0.4367993243957024,0.40233525000711795,0.42619256924101184,0.4136009281293138,1.0,0.61
0,0.08480819167151568,0.09395872251585219,0.09395872251585219,0.11325426927850668,0.1249980662924372,0.09756038818822502,0.0,0.04
1,0.21862293211942335,0.2801027190640817,0.24066521698757623,0.23745223556731257,0.27816156641616585,0.2755759685209282,0.5,0.08
0,0.4102488008475154,0.3266705727188218,0.4107746838480387,0.42835419878626624,0.4056908663810037,0.4167103452029492,0.2,0.51
0,0.512645134347995,0.4642056524365425,0.4642056524365425,0.41009598244285694,0.4466762860439033,0.4251432013280301,0.0,0.47
0,0.18475376142941038,0.1801221712319382,0.1801221712319382,0.24260978536460862,0.3075693005251384,0.3086132809416588,0.2,0.28
0,0.27193097305316644,0.27406980535089936,0.27406980535089936,0.2948175497793198,0.28168834595025,0.28209920734264565,0.0,0.21
1,0.7605574087531405,0.7501611047169369,0.7305552253558022,0.6653853135166543,0.618656153940864,0.6335378302885609,1.0,0.71
0,0.34009642930701217,0.33494099759031015,0.28982497868778406,0.35382323352885586,0.33306566065145915,0.3450888117396828,0.6666666666666666,0.64
0,0.7451791313937648,0.6994718150108743,0.7503936704142363,0.6573172603072809,0.7000386379471017,0.6699252083145267,1.0,0.71
0,0.08711786274149827,0.07982698044482331,0.0646163911867055,0.1544306984003155,0.1622765250528823,0.1693005161614626,0.0,0.14
0,0.21664826187321165,0.34219672251813077,0.22929016836355406,0.27540460363088987,0.33269947556659485,0.3153777847811593,0.6666666666666666,0.18
0,0.06369244139118468,0.07823532262748273,0.07823532262748273,0.10963743483559656,0.16401252937451105,0.16004195396102752,0.0,0.13
0,0.1480090428423173,0.16573206149057443,0.16573206149057443,0.18461769953046936,0.21062278322375788,0.2175201178247183,0.2,0.21
0,0.5064241406956368,0.502061961297637,0.5268553162459814,0.46236182278275695,0.47404329190729233,0.4726660245660784,0.8333333333333334,0.5
1,0.39225443020398576,0.3457672402229062,0.4130805426036873,0.3452948354316968,0.36509382499655574,0.373797907372198,0.0,0.37
1,0.4273876623956643,0.5214055315610017,0.45244132535769926,0.502459703554101,0.5303860643260294,0.5371647956646232,0.8,0.64
0,0.26652587599433075,0.2643147837461961,0.2948914634366104,0.26384980889530807,0.26694207954570787,0.2659200991449614,0.5,0.16
0,0.04355268772958655,0.03871076677987612,0.04027273474159316,0.0774049859364251,0.0796328268880383,0.0739323127211572,0.0,0.0
0,0.12149522148288606,0.12584381424127355,0.11398361365883135,0.164326190025865,0.1373229286158461,0.14997746568067144,0.0,0.06
1,0.8848386674696357,0.8688317770270827,0.8688317770270827,0.8056435681002603,0.590534881627715,0.6198301400285862,1.0,0.77
0,0.15643716939872404,0.1375659463762841,0.1375659463762841,0.1886803095585084,0.21627420485110246,0.2025108818537835,0.2857142857142857,0.17
1,0.659371441714572,0.5495570018167162,0.6022643636860106,0.6068330039066108,0.5813564736739074,0.576630695026273,1.0,0.51
1,0.7881159959569716,0.7894527485962167,0.7894527485962167,0.7041877688994989,0.6145700550647929,0.6408675200845794,0.75,0.56
0,0.5605254634224552,0.5653431970701915,0.5844278746688195,0.5204373506877242,0.4997772286224019,0.5010217735835027,0.5714285714285714,0.54
1,0.22781619304544273,0.199871875639111,0.199871875639111,0.24145800772951945,0.23542257182811654,0.242864218086426,0.0,0.35
0,0.07696866515824553,0.06041598395890561,0.06041598395890561,0.12875935546354322,0.27730036049258733,0.2574570814324053,0.0,0.39
1,0.7402307973071148,0.6948813702824548,0.6948813702824548,0.6153975524871662,0.5909044845686077,0.6016250135379441,0.16666666666666666,0.58
0,0.11834027822775134,0.12993938552396395,0.12993938552396395,0.1733561262003944,0.17158917142832641,0.17190209716035704,0.0,0.09
0,0.5674479750188699,0.542477233394546,0.542477233394546,0.4571585254280354,0.44802305305033857,0.4442129210973147,0.0,0.42
0,0.13775251027968555,0.15531491066628655,0.1418803836276495,0.17916650126736708,0.17129863625862515,0.1811670883448348,0.0,0.1
0,0.17708840082830873,0.18694631535401368,0.1639591255565687,0.20397480282301317,0.2053974661189648,0.19924318073837405,0.0,0.12
1,0.32422425038684455,0.3563872223466881,0.31128697790981064,0.3251919448748802,0.34882101837117047,0.3166602126847105,0.0,0.27
0,0.2953168689870274,0.2845411847978061,0.2845411847978061,0.3217411658473587,0.3144696785126247,0.3173679507339526,0.0,0.47
1,0.8980266598424255,0.9220140609742669,0.9220140609742669,0.7905713223871152,0.735613816836564,0.7781069385921746,0.6,0.83
0,0.13185255984944447,0.13596381716538672,0.13596381716538672,0.17437899577944546,0.1834215358344676,0.19121979102314426,0.6,0.11
0,0.1891012014657837,0.2671411115465678,0.2671411115465678,0.2770964151959863,0.30988047631541227,0.3074156880870365,0.0,0.15
1,0.2929250802959594,0.4097726136057543,0.37982693435772297,0.37732064365699947,0.45596399779988533,0.4491414918142145,0.7142857142857143,0.51
0,0.8127033603403762,0.8458934118494371,0.8525183872823741,0.7484803960691574,0.7788526441171169,0.760542371167159,1.0,0.73
0,0.6929652019152296,0.6359583535445091,0.6632162214745844,0.5973725349583087,0.5237094680949133,0.5197220997045818,0.16666666666666666,0.54
1,0.14458235323581886,0.20822373530200955,0.1673413955823881,0.2030558678875526,0.18745472376498357,0.20858197360874245,0.0,0.25
1,0.05863344137198706,0.05899844879748138,0.05884811721234463,0.10527610769951196,0.0947198106108327,0.10532654591007436,0.0,0.1
0,0.36495587942411356,0.3809031576419299,0.3809031576419299,0.3876308733056687,0.4009044309568111,0.3986133300787832,0.0,0.51
0,0.282136916976961,0.26638670709420603,0.26638670709420603,0.2892201518968573,0.2735575490700514,0.2805657863433301,0.6666666666666666,0.26
1,0.5967074490677367,0.5922441120083215,0.5818552324483789,0.5366521911897493,0.517859641295926,0.5196756656057153,0.0,0.58
0,0.12971501443880634,0.12177641078717437,0.12177641078717437,0.14941839507327664,0.18243790885738737,0.18340922685186567,0.8,0.31
0,0.29888598627951024,0.2787617286297348,0.2787617286297348,0.2865955638977213,0.27328792777573,0.2807396540165608,0.0,0.25
0,0.047657398200936264,0.04671773805316232,0.043453447317440934,0.07987282867357055,0.07093189751806045,0.07993615310833178,0.0,0.03
0,0.403787153511887,0.48125585591170866,0.48125585591170866,0.40744286986745476,0.42582660509047754,0.4203322283651028,0.6,0.45
1,0.5948511900859255,0.6177497383172776,0.6177497383172776,0.5894548981474735,0.565502951102108,0.5882042482106141,0.25,0.46
1,0.3264921647901003,0.2759509267901929,0.2759509267901929,0.3006886994045779,0.2724611475976925,0.2871339435927392,0.0,0.19
0,0.23728900963594668,0.2736357840996753,0.26078537941146446,0.24806776214607082,0.272431326466193,0.2758899190490119,0.0,0.17
0,0.4474288973164626,0.5088154656500097,0.4512828376001851,0.43293737893916046,0.42548230588895336,0.42179521997433683,0.0,0.65
0,0.18561402555185155,0.16851260084047656,0.16851260084047656,0.20308358653073907,0.1871165403639915,0.19052659758372092,0.0,0.43
0,0.1606264057814288,0.14414751700918976,0.14414751700918976,0.17865658747895055,0.16876898076302732,0.16855054032621639,0.5714285714285714,0.33
0,0.13735816252949334,0.15475971046556275,0.15475971046556275,0.16693645588055034,0.1679864787492887,0.16221182855144115,0.0,0.11
1,0.3735486407571642,0.3885292732115123,0.36134151533332354,0.40251167134861054,0.4149765978180851,0.41396117387974984,0.5714285714285714,0.3
1,0.12429810077349802,0.1562162867265064,0.13158058820493537,0.1989350237230345,0.22557173334616654,0.23480636706191774,0.75,0.34
1,0.6126345923222788,0.6243782002852705,0.6243782002852705,0.5270743876975112,0.5591072082321529,0.5537143777577372,1.0,0.54
0,0.4255682158379235,0.4056483381262429,0.4056483381262429,0.4160142014851063,0.40977632579042966,0.41800202686463117,0.5,0.42
0,0.30516837512109546,0.3492002662691689,0.3303732154207509,0.3102452853269469,0.34780831343397434,0.33644899631467307,0.0,0.26
0,0.0815327350570094,0.08676677393857235,0.08503695249076815,0.11770428034577125,0.09535729647208094,0.10821428410236872,0.0,0.04
0,0.0362343375505488,0.04831085155721334,0.041361872698201935,0.06794484382760516,0.08484267207374632,0.07684453818051717,0.0,0.01
1,0.4279777308661014,0.44646867192413764,0.44646867192413764,0.4113046536342091,0.4158719222188584,0.4455835250919211,0.16666666666666666,0.4
1,0.7511349696465272,0.713769879359759,0.7485392934417509,0.6277477588782676,0.5491494109603243,0.541807836697803,0.625,0.68
0,0.029547869512732704,0.02712991960901739,0.02890361713781705,0.07060208884608257,0.10516796270172735,0.1110766903643968,0.0,0.0
0,0.5150389651000775,0.4681752928483045,0.5368028058491388,0.5184993544800616,0.4902141957154951,0.4916270608391235,1.0,0.74
0,0.07782409454754863,0.08497473309807602,0.08497473309807602,0.1062436390951827,0.09648263425337168,0.09457406589211675,0.0,0.17
1,0.3174534608876422,0.2876844560097417,0.2876844560097417,0.3311665187892899,0.3048804180860788,0.311611909952899,0.0,0.11
0,0.17340936834919166,0.11724382131874622,0.1784628406230939,0.1952522918566466,0.2060463994749203,0.1804892887948502,0.3333333333333333,0.1
1,0.880832093797637,0.8722940946287504,0.8599310364505934,0.8060315471494665,0.6655809861620986,0.67113752679808,0.8333333333333334,0.57
0,0.03045095839886775,0.025661717662816833,0.025661717662816833,0.04917910256774054,0.05137767553974752,0.035250869212454364,0.0,0.0
0,0.18559880268637569,0.11319651540955586,0.1470898578894733,0.19168744403228807,0.15758936365100137,0.16978522637697346,0.0,0.23
0,0.034373072044784986,0.05253495971069166,0.03331154196231273,0.058848935032416644,0.11335148212572567,0.04063425595295956,0.0,0.01
0,0.5378767134519609,0.5191050809191885,0.5191050809191885,0.43545479868423403,0.39657477462336665,0.4139560054357553,0.875,0.62
1,0.37388090590810846,0.4339400642504238,0.4339400642504238,0.38302738765311467,0.4269374231731545,0.38834337954896087,1.0,0.46
1,0.561565695125989,0.500456954457416,0.500456954457416,0.5166048385663746,0.4337234155834045,0.46455381129006057,0.25,0.47
0,0.13205956752355527,0.14077049498272387,0.14077049498272387,0.17997360371869417,0.2169351360595578,0.21878892267079025,0.0,0.07
0,0.6432461299694145,0.6940539398791515,0.6940539398791515,0.6223644016766886,0.5064777533192055,0.5253617324510568,0.2,0.48
0,0.7650403258049981,0.6129122043472646,0.7339337637717789,0.6767140781248248,0.567060035233401,0.6162621244310105,1.0,0.85
0,0.09704433384564447,0.102249277500798,0.102249277500798,0.11797630613875584,0.1315921652971645,0.10509407015667206,0.2857142857142857,0.19
0,0.1902334142714871,0.19852082322678294,0.19852082322678294,0.2415551099760995,0.2809927055075978,0.25327768635459613,0.6,0.15
0,0.2209240516914155,0.3146554612379964,0.23274184933412134,0.257117744701456,0.3254198767333416,0.2354281757394712,0.25,0.24
0,0.5940062240046752,0.5031918023688422,0.5649631298296022,0.4610182378273212,0.4671884746699662,0.4434246114327012,0.6,0.29
1,0.5399057181577501,0.5847685845881263,0.5920819220783539,0.49454458215299,0.5431064426687053,0.5306513996942426,0.2222222222222222,0.42
0,0.21684020613718374,0.2479201650970472,0.2479201650970472,0.2538527457247004,0.32336649492290187,0.3179992734115309,0.2,0.35
0,0.035462226568337016,0.029819084590670987,0.029819084590670987,0.052822884595951594,0.05496787842941076,0.03929198107459919,0.0,0.02
0,0.1619173805332773,0.07496853582310042,0.14729744227635758,0.1954000531543556,0.1750766896745784,0.16000592466239807,0.0,0.11
0,0.4772750272673439,0.4969747438545463,0.4969747438545463,0.47138057637163877,0.47623288678304143,0.4764830949855733,0.42857142857142855,0.79
0,0.2233547628792684,0.26633108962117297,0.22073608379179932,0.2677255376800339,0.31352929770970467,0.23769397304607406,0.25,0.2
0,0.3390281939324744,0.44788211283556806,0.4637564739623034,0.39888537731085844,0.42910698053132557,0.378327520392616,1.0,0.59
1,0.6100462373122214,0.5989893143689728,0.5989893143689728,0.5841490437615376,0.535969522276116,0.5312733390571185,0.2,0.64
1,0.27477855343604946,0.2389047772269689,0.2389047772269689,0.29852904457111534,0.2880069855940778,0.2903876946206128,0.0,0.23
1,0.4353636479716078,0.49909749742210185,0.4377704052291229,0.44945611298399873,0.45495375607901245,0.4549659885936616,0.16666666666666666,0.25
1,0.29815419124729237,0.29208824480347617,0.32335473726959124,0.2911999051403135,0.3049152417961509,0.3042069330286713,0.0,0.14
0,0.8187186912473341,0.8128909799714147,0.8128909799714147,0.7736911509622664,0.7864634036523079,0.7893030209644334,0.42857142857142855,0.48
0,0.17933091840471957,0.17803435356089653,0.16744736658338208,0.21910599678890236,0.20496642468551401,0.21217087981158375,0.0,0.29
0,0.7770208971493198,0.7653902994603224,0.7653902994603224,0.6875275500603645,0.5825233784821573,0.5847609391725501,1.0,0.78
1,0.6694150298045248,0.6725356871774518,0.6725356871774518,0.5728074798915257,0.5684160482362349,0.5574109601869336,0.0,0.4
1,0.128118298117091,0.11003095272135142,0.11003095272135142,0.1543339503403684,0.13457816946902398,0.1369128094916846,0.0,0.33
1,0.496485776937409,0.5951950490287831,0.5951950490287831,0.4869803668118262,0.5078653679849237,0.5010249181130751,0.625,0.66
1,0.20654536430007767,0.279653778987345,0.22501001567855325,0.229279006052157,0.2696983533429181,0.25535862906705414,0.6666666666666666,0.22
0,0.13855332024158742,0.1627793748703522,0.13663512236196987,0.183390489233613,0.18377943940932945,0.18491051458754898,1.0,0.29
0,0.03270474618517876,0.03264911112952931,0.03264911112952931,0.05350444874159794,0.04421200476230921,0.04336422206506056,0.0,0.02
0,0.1050601496334234,0.09108265795121472,0.0982673022693375,0.14022135308154024,0.11796398386166927,0.13030346718676303,0.0,0.02
0,0.04155713095803553,0.043536131084397925,0.043536131084397925,0.0934416280419595,0.10455077667984064,0.09766887801254208,0.0,0.01
0,0.21451091037077014,0.22804086964953263,0.22804086964953263,0.26005155314980866,0.2645627522159298,0.2624622067202719,0.14285714285714285,0.24
1,0.5794992283454735,0.5718340718013045,0.600206377996771,0.5587636481995222,0.5732584587195168,0.5726166526121799,1.0,0.74
0,0.08737186488596342,0.07828059650318123,0.07828059650318123,0.1544214897057765,0.15574965790185527,0.14970247626874783,0.0,0.03
0,0.06384083372908751,0.07016810087863065,0.06906651440677865,0.09739689252617421,0.07980620794766884,0.09100172034320567,0.0,0.16
1,0.2949744138014963,0.3037059450625904,0.3037059450625904,0.3108675844845984,0.30707511352074685,0.3074651595973863,0.0,0.26
0,0.13158513462790233,0.1764258178539107,0.14357393989792264,0.20661825928133648,0.2331513143670841,0.2431570185321258,0.75,0.31
0,0.3505908957489281,0.3622878529671194,0.4022408305459396,0.32514389597543564,0.37717714392918983,0.36104455271438385,0.5,0.35
0,0.46144661015437227,0.48854496548200843,0.48854496548200843,0.4102476387445368,0.48326223623884085,0.4577142323206864,1.0,0.73
0,0.12347896443587529,0.12278847959490585,0.11533767933859204,0.1907995963377838,0.19954185827209156,0.190291066570037,0.0,0.26
0,0.26812784674071766,0.2197020368209653,0.2090372364481535,0.29878089197455976,0.2415574614577642,0.2571269055166347,0.0,0.29
0,0.6956438953547616,0.7206208026447061,0.7206208026447061,0.6238773085460364,0.5560531875718513,0.5583112687992828,1.0,0.84
0,0.579961051201673,0.5775583094083585,0.5775583094083585,0.5061628304164136,0.42554214889592423,0.42896766238653317,0.625,0.49
0,0.5992670238541318,0.7043540963540275,0.640131965073055,0.5725448406005298,0.5814470353855633,0.5691420720298211,1.0,0.75
0,0.40885370105435426,0.4451513188766317,0.4146028227514658,0.38904138511751807,0.43332286577132567,0.4219352626246432,1.0,0.47
1,0.47369849485725246,0.5337414237551799,0.4900272151799832,0.4535433491826793,0.46027245605884826,0.45397609001298533,0.7777777777777778,0.57
0,0.12722095311890425,0.12543656920647633,0.12543656920647633,0.16866190601127887,0.26863177530732657,0.25481202378425083,0.0,0.32
0,0.17677095060674805,0.20591332712746466,0.20591332712746466,0.19121797497014661,0.26937125240168686,0.25031881060211353,0.4,0.24
0,0.048795852910786836,0.039347779836984176,0.041591864859908616,0.08183023520643724,0.0539883154624425,0.064207610057473,0.0,0.0
1,0.7089522190958878,0.7178949439662942,0.7178949439662942,0.6441761040211571,0.4989061236767954,0.5123007104137787,0.0,0.4
1,0.24941811616359363,0.19738673128576653,0.19738673128576653,0.2520919726761492,0.24875958619776614,0.24886246803706544,0.8333333333333334,0.45
0,0.08025392476235065,0.07154331818609597,0.07154331818609597,0.11019620656459563,0.16545771867872336,0.16158604808576366,0.0,0.11
0,0.022221012532096074,0.025866156276575885,0.02825642658719543,0.04784250709003134,0.03588920307668376,0.04707491996108197,0.0,0.03
0,0.6095431334938419,0.5288232813034124,0.5288232813034124,0.5906567475413869,0.5661215719784028,0.5765623825384818,0.16666666666666666,0.48
0,0.047882935287062126,0.036215762983576975,0.04252474890871169,0.07738974826325791,0.05514647906243833,0.06477165994803329,0.0,0.0
1,0.3037174591841907,0.40198756990969536,0.4195897857641531,0.3828483634336971,0.40967765760726677,0.3521117867924117,0.4,0.41
0,0.4604124487529027,0.4450188271811632,0.4450188271811632,0.44758539525371926,0.43660015993746515,0.4316302886118185,0.5714285714285714,0.56
1,0.62423547983152,0.5954986748694135,0.5954986748694135,0.5905802902822715,0.550048294892362,0.5971827076551398,0.2,0.41
0,0.46355069480996547,0.4434718584250453,0.5427667450596535,0.3877088291088271,0.39581472413668195,0.39117098266200423,0.0,0.42
0,0.3047720641488236,0.2837112903383219,0.2837112903383219,0.3176842843263615,0.3056467308146234,0.3084191640451873,0.8888888888888888,0.39
1,0.4489940807668059,0.33553219516152205,0.48929390935043215,0.4257827891185957,0.36095903824674436,0.4386353029976502,0.6,0.54
1,0.27406251322373926,0.30506626169827816,0.30506626169827816,0.3313065926123178,0.3685542331093319,0.3601830205796805,0.16666666666666666,0.55
1,0.6211389774765615,0.6355664628741236,0.6355664628741236,0.5617766592678742,0.5404502792293041,0.5279658617764359,0.6,0.46
1,0.7133589294876918,0.6401305505626133,0.6260900893332292,0.6366503199461132,0.6552344073685962,0.6248185177230622,1.0,0.57
1,0.4582553976642726,0.5534132209719551,0.4776561900644137,0.4236324437182331,0.48279885712378784,0.4608459472431358,0.0,0.52
0,0.6463024865472928,0.6829118930834137,0.6829118930834137,0.5896510576720839,0.5890289761050045,0.5958186655467018,1.0,0.58
1,0.3378085792124004,0.3794343015211569,0.3794343015211569,0.3445773913626722,0.38605936880784864,0.37454055877007725,0.4444444444444444,0.33
0,0.09126761318997097,0.09640944330544801,0.09640944330544801,0.13031408692383153,0.15612872755127036,0.15692010389212147,0.0,0.1
0,0.10363108710256282,0.0942875385643514,0.0942875385643514,0.1514787206880456,0.14681739133863464,0.1499510986388062,1.0,0.15
1,0.5226529659063401,0.6084403366576979,0.577487985005358,0.5030547706188381,0.49802817119055875,0.5273825313452549,1.0,0.41
0,0.3681320653492551,0.42016898055913743,0.42016898055913743,0.37075121143134365,0.40721877896572956,0.39673967128788534,0.8333333333333334,0.46
0,0.6127542303468946,0.5810898550724823,0.5810898550724823,0.5582532462155462,0.5285111689250399,0.5462012148073616,1.0,0.86
0,0.12248426551096141,0.11828407809916076,0.12061918953087773,0.15677450489991668,0.15702655611677796,0.15231342569776454,0.0,0.04
0,0.04558550754363213,0.04493698650714785,0.04790053977576703,0.0736687649279036,0.057856313605424196,0.06822986101817739,0.0,0.0
1,0.32228811194249074,0.3337739106851589,0.3337739106851589,0.33198147139931283,0.2997154109029738,0.30789396211113196,0.4,0.48
0,0.4668936501892434,0.4930818470702164,0.4930818470702164,0.4442477009690079,0.4486008693096226,0.4505520236815358,0.6666666666666666,0.28
0,0.242936256818626,0.18155436113049395,0.18155436113049395,0.31627682522623823,0.26799276882079404,0.27544183536498923,0.0,0.31
1,0.43815111936976514,0.2711133727863566,0.5065173421404103,0.44327416232677885,0.38782340989940617,0.44871746037798715,0.25,0.5
1,0.703964060690265,0.755229840967624,0.7069236364310071,0.6249346645642105,0.6326186034544838,0.636910809227336,1.0,0.5
0,0.20473510433662642,0.20605385424661896,0.18272206144613376,0.21580015662738566,0.2384125533435611,0.23395070160289694,0.1111111111111111,0.24
1,0.5651499483163874,0.5431367236353115,0.5431367236353115,0.47312131746360353,0.45284256516612065,0.45061202572056797,0.6,0.28
0,0.5567483549258695,0.5133779795680997,0.5381646592323621,0.513004883546451,0.5254039519539669,0.5165491046593936,1.0,0.57
0,0.3497560888272263,0.3227530897145,0.3227530897145,0.36072123075688706,0.35877603528272534,0.35645943833155175,0.0,0.39
1,0.7095691694093782,0.7538721538872067,0.7538721538872067,0.6007910792011651,0.5888458016879546,0.6049033014072631,0.6,0.49
0,0.42177025557543724,0.38127759767435365,0.38127759767435365,0.4441608816634555,0.3984795218138006,0.40731973795743404,0.0,0.26
0,0.08318353878112067,0.07556592189181742,0.07556592189181742,0.13150902535506817,0.13365565293609005,0.13367097111997492,0.0,0.07
1,0.4005829730627345,0.321798960279612,0.321798960279612,0.38076106672705057,0.36078058433207416,0.3788114587488783,0.5,0.46
0,0.6729050225127734,0.6185561817458571,0.6185561817458571,0.6098222274790581,0.4735906970205835,0.49521172076872566,0.8,0.74
0,0.6493061468909466,0.5976661114472802,0.5976661114472802,0.5533295881705124,0.48408186237598744,0.5234172345315423,0.8888888888888888,0.54
1,0.7844327736763735,0.7018400663368488,0.7356502048989103,0.7141156023163782,0.6706227054444776,0.6688470061225822,1.0,0.83
1,0.4002806735896158,0.5605534066560275,0.5605534066560275,0.44662143369661145,0.47328611894441874,0.4549381152758747,0.2857142857142857,0.29
0,0.4652201726625234,0.4578945393008658,0.49308638309491887,0.4262264738609894,0.43625307638492383,0.4280619896698228,0.2,0.38
1,0.6070506745665866,0.5514672058977529,0.5907610852196411,0.5526166890532698,0.4857423206547597,0.5835068026525134,1.0,0.42
0,0.45812677661967427,0.49538424629189426,0.49538424629189426,0.47320893297206496,0.45408333678629886,0.4579399317874201,0.7142857142857143,0.57
1,0.03374899256540581,0.027094649754434163,0.03370027123164769,0.05847174789109543,0.0402990021470909,0.04863988154526056,0.0,0.0
0,0.15778326430528072,0.14687929761224364,0.14687929761224364,0.1782370889043264,0.17224978359011486,0.16119475716917533,0.0,0.12
0,0.447556388723022,0.42952983105636905,0.42952983105636905,0.37651339735587014,0.4393357484984758,0.42117752446952583,1.0,0.51
0,0.42049340743649843,0.42982822473581495,0.42982822473581495,0.41040207493374814,0.35658921531132454,0.3734164329599275,0.5714285714285714,0.37
1,0.5755618667926361,0.5597935344312605,0.5338588008570613,0.5293456906267098,0.5189440109003406,0.5143890389516486,1.0,0.6
0,0.032140557821813506,0.05802516148081794,0.027620731231661245,0.055593678536566084,0.11431129877575107,0.036161982122813,0.0,0.04
0,0.06123839086290928,0.052146044174169986,0.06475043953042602,0.08795254657336943,0.0704945868939179,0.07978611690124135,0.0,0.07
0,0.5655356697127114,0.5656706266397721,0.5656706266397721,0.5043365181616191,0.49963365759239203,0.5019351808994197,0.375,0.66
0,0.14051705490288185,0.11907348661345757,0.12876901859247766,0.16836512779919938,0.15275887890577325,0.15223497901585245,0.0,0.09
1,0.6774547292296154,0.6548277563264391,0.6464265084564672,0.6142151136479491,0.5866828143468639,0.5820907228483003,0.0,0.35
1,0.3969621971697984,0.42492593323637157,0.42492593323637157,0.41162658993307844,0.44480838748383206,0.42859349362783694,0.42857142857142855,0.25
1,0.18022210140914233,0.272000526877119,0.17375972418541938,0.24946271362232422,0.28165701468902404,0.27289387449812147,0.0,0.46
0,0.14933499445814263,0.15286087722121158,0.16132369351756623,0.19340098865090077,0.18496845872339576,0.1978200268014565,0.0,0.14
0,0.34881127814653246,0.30018467651096653,0.33031536281348317,0.34915590218160636,0.3277141580857851,0.33365966021325427,0.0,0.27
1,0.1458249334622055,0.17587686142651804,0.17587686142651804,0.16480074773407408,0.18179660505817988,0.17111283916362724,0.0,0.05
1,0.6048614154545682,0.6072740306443222,0.6088351310756565,0.5722888468808623,0.5829634074457358,0.5740330684711493,0.5555555555555556,0.69
1,0.6984072037890783,0.6641300505173948,0.7118836979095816,0.6350782204998031,0.6209895582194903,0.6357861690295724,1.0,0.64
0,0.3804498679349337,0.361941041058372,0.361941041058372,0.375627608173796,0.3482062651592721,0.363724965466447,0.8,0.45
0,0.03682624555428344,0.05253495971069166,0.0330789265722593,0.056848557043056795,0.11106026719714764,0.04221938729472267,0.2,0.33
0,0.04574003252875487,0.04668661342059493,0.04668661342059493,0.07353892074940255,0.13379991472811845,0.13457308917597008,0.0,0.05
1,0.13933509925228182,0.1419576353472857,0.15049092332583922,0.16830685472925122,0.14146380188055666,0.15062386044081416,0.0,0.27
0,0.19297468306078022,0.17010426672820197,0.17010426672820197,0.2131882885424811,0.20982645171028225,0.19895169190790915,0.2222222222222222,0.32
1,0.5645080176189534,0.3809921162552089,0.529438143266067,0.5038909277925607,0.4509680691184468,0.44963036201891876,1.0,0.57
0,0.03190919851688737,0.04204885547813486,0.03687437296909976,0.07598579399240718,0.09658727188968616,0.0870615189448512,0.0,0.18
1,0.743638871559533,0.7622574994911977,0.7622574994911977,0.6878768316630648,0.540951663651559,0.6106915997235859,0.875,0.51
0,0.06969685851112882,0.06390604208104624,0.06390604208104624,0.09059509432815709,0.0894697734296248,0.0750606822237869,0.0,0.0
0,0.03256368845012453,0.06000838377823444,0.041223724622785105,0.060483367973461204,0.12619877837617705,0.043733733971045165,0.0,0.02
0,0.030816444799564878,0.03195970730437996,0.03195970730437996,0.06211391621368066,0.08941503083928709,0.09006773141853976,0.0,0.01
0,0.048006022596589606,0.05276897189821988,0.04924262984095414,0.07504561992952391,0.12172983210309768,0.056514389810950943,0.0,0.02
1,0.1336814515597972,0.17820038458287174,0.13516195251747734,0.17808272796439142,0.20389804503616993,0.1899945185020084,0.2857142857142857,0.14
0,0.019476460006962733,0.02108039050469207,0.018387982782447767,0.04525722896186184,0.05317017425557253,0.04626568096641609,0.0,0.03
0,0.08091629327722492,0.07428760029777307,0.07428760029777307,0.10202672441166608,0.09114677407260648,0.09138574028788958,0.0,0.26
0,0.1628442048455379,0.1696067788817104,0.1696067788817104,0.18232096923321756,0.20801337419517418,0.17989391318083767,0.5555555555555556,0.33
1,0.7858870855007745,0.7798807549665607,0.7798807549665607,0.7258277769286322,0.7523539704280071,0.7536052507065459,1.0,0.77
0,0.1886062040093903,0.24197375646168234,0.19329017586385028,0.23568156611624771,0.2506721191849898,0.2494660253392827,0.6666666666666666,0.36
1,0.18084060674269364,0.1819707373167306,0.20360288019724046,0.21056422124739163,0.22935099869388367,0.22343085925471456,0.0,0.13
0,0.10908242032225837,0.09086812699145884,0.09712744961377243,0.1319691589454655,0.11405099665570916,0.1239913847377048,0.0,0.32
0,0.046464869934298665,0.0416705156627804,0.0416705156627804,0.07806959770523171,0.12923397455321678,0.12788028420662492,0.0,0.06
1,0.4113557187586247,0.45278836695085595,0.4361965687246422,0.4067642158759949,0.4155546962919159,0.41559852478045306,0.0,0.33
0,0.3446589539224246,0.3288374989907309,0.3288374989907309,0.3827622682621973,0.35632122261773086,0.3591178705709465,0.2,0.42
0,0.3771162075378216,0.3596871440128827,0.3596871440128827,0.3659171894367166,0.3750590446294653,0.3679493439060853,0.0,0.17
1,0.1523720957459121,0.1270033724438028,0.16912712838137794,0.19793747606412893,0.2167844876784867,0.16544977905744152,0.0,0.24
0,0.1794122480243294,0.19563497857825762,0.2369006288822377,0.2501089491487035,0.26715035047917063,0.27010732998950415,1.0,0.23
1,0.7509346793168583,0.7589931225897513,0.7794644062970171,0.6488599935488478,0.7190264657582597,0.6849848432446578,1.0,0.63
0,0.05601365637183387,0.07030462974357332,0.076153762771511,0.10860039442982382,0.15506787355615206,0.1608266251999925,0.0,0.03
0,0.17743238422337454,0.22082653606530625,0.18119033369668344,0.23229602540586541,0.27368148946157017,0.2531938407365222,0.0,0.15
0,0.7203730269912347,0.7347108180382432,0.7347108180382432,0.668039014462228,0.5233121587392038,0.5497022942662854,0.8333333333333334,0.5
1,0.33653270076859426,0.3415255928146336,0.3415255928146336,0.33261054866144485,0.36599459504998705,0.35341674214336755,1.0,0.51
0,0.12105999740110024,0.12461667739755898,0.11323759147099983,0.18154939875609455,0.2073156160779478,0.2096762176965628,0.0,0.24
0,0.2486849264342319,0.28453226101099016,0.28453226101099016,0.27020055983098135,0.284384082934385,0.2636892372480028,0.0,0.09
1,0.5267644986951703,0.472084604566061,0.472084604566061,0.508411331327197,0.5174314903314579,0.5158969913081091,0.75,0.62
0,0.24003104041455856,0.35840555915149186,0.2667664163176763,0.26820973559219463,0.3365008358405167,0.24442239047796244,1.0,0.45
1,0.4018240526638041,0.4226725847451854,0.4226725847451854,0.4005679826592704,0.4284752108177058,0.4159809293641444,0.8,0.41
0,0.131975857492281,0.1712185483341293,0.16345877702414827,0.1957072950785433,0.23148349046982342,0.15645682484279883,0.375,0.24
0,0.35364569651798544,0.30747756695724654,0.28082517022866643,0.4054987147552979,0.35218802911858954,0.3535571867271903,0.0,0.24
0,0.25155404711121104,0.26286306423458106,0.26286306423458106,0.2603317769624349,0.27877639161683426,0.2707159448318126,0.0,0.24
0,0.1973758861995839,0.17843843658609598,0.1950721331230956,0.223427603971395,0.1972550279242085,0.20623640358663298,0.0,0.12
0,0.05365028545726018,0.07152241595054397,0.06169269999025667,0.09482443389654317,0.11554959840650893,0.10608423082157337,0.6,0.08
1,0.7898353742298847,0.7902762413216624,0.7918574555620034,0.6970147333536368,0.6263242329982827,0.6197153303626222,0.625,0.73
0,0.28777631205314697,0.259963322449241,0.2692298405356764,0.30606081319615264,0.27777473633884914,0.2831076751683147,0.8333333333333334,0.33
0,0.6342350340914431,0.6034544493526518,0.6238517801630287,0.5558153677771634,0.5776272905558584,0.5595060872133637,1.0,0.5
0,0.3025602798386068,0.2865810840516857,0.29584701637084854,0.32227321259247643,0.3167914938661777,0.32448264669286836,0.3333333333333333,0.3
0,0.2822976699390775,0.2513181301869238,0.2513181301869238,0.3049756119415921,0.31538234201191,0.29137401638991395,0.0,0.41
1,0.696383551596662,0.7254482370602379,0.7119042895363787,0.6271311502770768,0.6636748717906588,0.6441460354686482,0.16666666666666666,0.5
0,0.3299473506377685,0.27451007576746095,0.33648605987575536,0.30066172386159906,0.3136873761000116,0.3025701784486983,0.0,0.29
1,0.19311476724437868,0.19998984214464438,0.19998984214464438,0.21101717035832998,0.21290690943276605,0.2029573411017028,0.2,0.14
0,0.4603877265554983,0.5162450760146318,0.5162450760146318,0.4367558274634096,0.5258860977254742,0.4979528777849638,0.6,0.43
0,0.07896553866189135,0.07066945813445054,0.07066945813445054,0.10463483155406501,0.1409461915552464,0.14303014516278997,0.0,0.01
0,0.13941364596075428,0.15559687960797067,0.15559687960797067,0.16032868681867385,0.1670653201210359,0.1600843634067156,0.0,0.44
0,0.1346701246044949,0.1401632565982123,0.1401632565982123,0.1756233283727825,0.16354908293453424,0.1600978812798097,0.0,0.17
0,0.022020767009608613,0.0204347329686149,0.0204347329686149,0.05070600574410683,0.1308999164485977,0.1243530100436113,0.0,0.06
0,0.34583699041148624,0.35692069920262914,0.35692069920262914,0.35248993972692644,0.35951986969679806,0.34483486141039926,0.625,0.22
1,0.765662794433559,0.7397094715420983,0.7397094715420983,0.7091458326769037,0.7145470000590309,0.7231561219379464,0.2,0.67
1,0.4481299588523545,0.4090727892381279,0.4262111069327701,0.47241442653768273,0.4435448141094344,0.4540297853082836,0.3333333333333333,0.42
1,0.41878549539685095,0.38665286430964974,0.38665286430964974,0.40488349351909964,0.39117643534779384,0.40163732322268064,0.0,0.29
0,0.544101996305232,0.5165326906992154,0.48094218610151723,0.5321158481580219,0.4393574370153244,0.5227014433490068,1.0,0.51
1,0.16727393759809056,0.2633241461151518,0.20650272941890327,0.25732439611361246,0.34116697956488296,0.3116713189997755,0.4,0.45
0,0.39157676252547047,0.40188844072182817,0.40188844072182817,0.41192882596483804,0.4486012002314497,0.4425967766487369,0.0,0.48
0,0.1529796738487291,0.21435604690244647,0.15554592716573268,0.250121627046676,0.27445774557022556,0.28268327255086767,0.0,0.17
0,0.0662248698054273,0.08903156923351797,0.08277242976527813,0.1254795372312896,0.11877895374841684,0.12874595744247025,0.8333333333333334,0.37
0,0.30748818150294593,0.3357742047740749,0.3702053857502516,0.32239705247805167,0.3216079094467632,0.33440478191675876,0.0,0.34
1,0.7531594116657523,0.7557669527992779,0.7557669527992779,0.6380533942870077,0.509640326966004,0.5263605704972102,1.0,0.78
1,0.6665583340100898,0.5620361026988105,0.6345671877736672,0.5935383115812514,0.6208671481568734,0.5921072919775637,1.0,0.79
0,0.04172246741509519,0.05149674479774902,0.05355137118530626,0.08268457006163821,0.08657582147647219,0.0955589170210113,0.4,0.19
0,0.17959484735281434,0.1426756171776327,0.15843825922900745,0.2013308709742548,0.20489088858537474,0.17719555982791407,0.0,0.23
1,0.5054700224148058,0.41184902027536224,0.41184902027536224,0.529738177806532,0.37639018289283077,0.4077248026577696,0.0,0.3
1,0.48087371621800384,0.4695945701972256,0.4695945701972256,0.4523503766774094,0.4677612029318314,0.46763557914723375,1.0,0.55
0,0.3290352917409943,0.3463413839348095,0.3782492236298157,0.30334313718268796,0.35560425825804043,0.3375031540221487,0.0,0.35
1,0.3526388813719758,0.34772415873084006,0.34772415873084006,0.35186577155242815,0.36333138103423684,0.3580013603677911,0.2,0.09
0,0.29863477104479286,0.4255657245180867,0.27073936164630324,0.31835019125463676,0.40735310079947656,0.31617757891077897,0.0,0.42
0,0.5978231000957531,0.5577528218896997,0.5577528218896997,0.5472919779251889,0.5489724541042142,0.5580357502122237,0.0,0.36
0,0.2752333766910614,0.27100180137424745,0.27100180137424745,0.2857648877840623,0.2944423062200507,0.28400648700590536,0.0,0.28
1,0.6549425873235797,0.557787911138071,0.5869584315682629,0.6233453259687997,0.5255324738119543,0.6356212678556337,0.8,0.73
1,0.6805345331805729,0.6569367713578333,0.6569367713578333,0.6201174344796535,0.5918830637687315,0.5881860657554797,0.4,0.65
0,0.5532623265792975,0.5201417888307772,0.5201417888307772,0.5096881338537563,0.4907636364924328,0.5200383787307473,1.0,0.64
1,0.46780332758599624,0.4586395461009324,0.4905910633530237,0.4201922192937745,0.459377658843436,0.44295528191793593,1.0,0.54
0,0.048051930232906305,0.05316619710329534,0.04483627750573496,0.10219595604106384,0.13404127738778368,0.1395835448577617,0.0,0.01
0,0.4034337898828457,0.5067288716014621,0.41819628319040264,0.4184426779552541,0.4442844046182162,0.4460518305792346,0.6666666666666666,0.45
0,0.33750061389436553,0.3592022025232751,0.3592022025232751,0.36757846905450753,0.4636565894123544,0.45284556395425213,1.0,0.52
0,0.09179638800221743,0.09425520396991342,0.08188881082852204,0.15778704258847326,0.18505119278210877,0.1899253408517358,0.75,0.23
1,0.8099565626793326,0.8427853498491157,0.8427853498491157,0.7085876948446961,0.6831513890686517,0.7075598820217979,0.6,0.47
0,0.06480693590141254,0.07524979344672833,0.07524979344672833,0.09360215909820022,0.11492530754301569,0.07766711116307587,0.0,0.15
0,0.3566593458041498,0.32271233797247,0.32271233797247,0.3634894994789578,0.35033036939423484,0.35652808657624935,0.42857142857142855,0.28
0,0.5514515588633148,0.4880073409934131,0.4718284032287026,0.48471206803047223,0.457343741642153,0.4355751401039996,1.0,0.47
1,0.5827198440284687,0.5420444604604642,0.5420444604604642,0.5129349116699898,0.47809644154171094,0.4924757919338296,0.6,0.56
0,0.06746972099149995,0.07622585136430657,0.07622585136430657,0.09602213682633615,0.11253918028582577,0.08225843313725523,0.0,0.19
0,0.07672949589605328,0.08400049368201698,0.06697846677915546,0.12852853878709528,0.09411253926206378,0.11190555006949635,0.2,0.12
0,0.10274175456490739,0.11061183244422514,0.11061183244422514,0.15698650008190507,0.2776346023922499,0.2678180515234612,0.0,0.18
0,0.524514374622685,0.4978636298180942,0.5671876834688263,0.4386104020221458,0.40106653805360426,0.4074549021626567,0.5,0.55
0,0.2189231119994846,0.20761109574184908,0.20761109574184908,0.24689174046601814,0.22169730460450068,0.22573967525925537,0.6,0.48
1,0.8160109110133403,0.783991920055266,0.8056484138294099,0.7109779183327457,0.6525302551214112,0.6421556242091138,0.8,0.7
0,0.6664330358847578,0.6216428325697285,0.6216428325697285,0.5978750465264138,0.4331840234816878,0.45372031884250075,1.0,0.62
0,0.18767541542675284,0.2124964982762732,0.19076943239028943,0.22563268274971265,0.19995062545580938,0.2122143891154199,0.0,0.24
0,0.7260429780902394,0.74526855396662,0.74526855396662,0.6027043065264731,0.6124162342280374,0.6147181966262526,0.8,0.77
0,0.25745676105202636,0.266494619984327,0.266494619984327,0.2946566433087731,0.25870771368272727,0.26250208502202577,0.42857142857142855,0.2
0,0.05634568417465574,0.0707309596531069,0.06505882246213374,0.10323454192741538,0.08060351530537206,0.09971046328067006,0.0,0.05
0,0.15778001750982454,0.15405696023995208,0.15405696023995208,0.19075881653210203,0.19888773983697217,0.2032147509413914,0.5714285714285714,0.43
0,0.4447461523734927,0.4876758267646842,0.4876758267646842,0.4129910751123711,0.45364888793426505,0.43833292182753486,0.8,0.35
0,0.1809370741170855,0.25009295722584757,0.2358590441034361,0.23360026688019653,0.2512644991951962,0.25303899571356414,0.4,0.24
1,0.47321131582288867,0.5287537515019841,0.5287537515019841,0.4689544842211166,0.4579201224852539,0.45264122129347384,0.8333333333333334,0.6
0,0.22011423876491742,0.25146024886744983,0.25146024886744983,0.22373813994823688,0.264739354715792,0.22920419406368306,0.2,0.34
0,0.42644374155216047,0.5529483028621208,0.48023488134337106,0.4595995778073151,0.4588388889391977,0.4411188037367276,1.0,0.44
1,0.7525906908408816,0.771179180120646,0.7694826834114427,0.6540305097409455,0.5264933263230209,0.5470702480653221,0.0,0.73
0,0.19463928042522194,0.16331575229890125,0.16331575229890125,0.2058517914696058,0.18508937625225563,0.18707440025555136,0.16666666666666666,0.22
0,0.5614933493411195,0.5330214023665554,0.5183616944605494,0.5388246981354619,0.46495341314994354,0.48086711383279196,0.4,0.53
1,0.7064043839344776,0.7055660567987114,0.7055660567987114,0.6721992701860005,0.637329453343368,0.6857250251035875,0.8571428571428571,0.73
0,0.6096204625637486,0.5377883091788067,0.5362014461666624,0.5155580872358018,0.5174720573269084,0.5001193382619963,1.0,0.5
1,0.5755900966238255,0.5324346579669774,0.5324346579669774,0.535971271746655,0.44565489751594484,0.4598877203945174,0.5714285714285714,0.45
0,0.10463209787792788,0.09118397293767579,0.09630230421261085,0.14357894517423028,0.11753623411288623,0.12975418632748012,0.0,0.12
1,0.4891214503366983,0.4249290683790431,0.4707800202748421,0.48057639193138396,0.45939555748953553,0.4590633400308679,1.0,0.4
1,0.3784068422421688,0.326895285503742,0.37263284006887815,0.35403966742279463,0.3219689315151799,0.36790605097165546,1.0,0.49
1,0.5040786833308198,0.49224745465941033,0.5423966786113327,0.514106801465755,0.44697592174986084,0.5023796300079436,0.375,0.45
0,0.39831388917069743,0.3374681097886894,0.3374681097886894,0.36254265395585905,0.37230576446247676,0.3607674275403734,0.2,0.49
0,0.32051832811037406,0.2567031618586536,0.2567031618586536,0.3417975873729717,0.30923730360677165,0.317528666806594,0.4,0.46
0,0.21428400879534293,0.3008041522361791,0.3008041522361791,0.3007243745934076,0.3451188613990018,0.3440727362737673,1.0,0.56
0,0.07463354012495768,0.08985323047051891,0.0830930255589854,0.13305297516729278,0.16324694150075314,0.1705730175272653,0.0,0.1
0,0.6690084918894015,0.6833828076862994,0.6833828076862994,0.6398527358096248,0.6500392256308634,0.6384834329467677,1.0,0.77
1,0.3291705252942249,0.2273595564854645,0.2273595564854645,0.36993295063685444,0.3074004917263579,0.3266126496239186,0.3333333333333333,0.39
1,0.520444193113043,0.5247755474385144,0.5215176846413893,0.5140856829175027,0.53329037891012,0.5227182958821336,1.0,0.66
0,0.22691972125683282,0.24506232003433903,0.24506232003433903,0.2447782016235043,0.285322189523095,0.2669100867630835,0.0,0.15
0,0.28710794773219106,0.2770564041049081,0.2770564041049081,0.3023277830346777,0.34575713383939166,0.34131231557749486,0.0,0.27
0,0.21485796785456543,0.2538414519782693,0.2538414519782693,0.26711403630021724,0.3024973099971122,0.2828739634753178,0.6,0.29
1,0.6558093932733431,0.5697609427489264,0.5697609427489264,0.6032227527410271,0.6099257226106324,0.6151764599466577,0.5,0.72
1,0.6970310840295709,0.6457416923975867,0.6748637670610843,0.6216980509847337,0.5425750167464446,0.5306884165040939,1.0,0.61
0,0.3255875893993831,0.33726340784504144,0.3125581504170603,0.37897000323511454,0.3521246901970887,0.36991409699722627,0.0,0.6
0,0.5062251462540381,0.5359714258668341,0.5359714258668341,0.4664985564899169,0.4766285562051107,0.4724767300250063,0.6666666666666666,0.56
1,0.9060069416303158,0.9082423391322796,0.9082423391322796,0.8457708198796722,0.7500358675889552,0.8036720083098388,0.16666666666666666,0.63
1,0.8858729716118704,0.8581755187714473,0.8581755187714473,0.8592822228815495,0.8037719970266562,0.8664676842891923,0.0,0.62
0,0.14245965822074338,0.170397110521499,0.15459554007794465,0.19757534360950682,0.24766815087239866,0.25054624626856603,0.5,0.19
0,0.021722467585291245,0.021272242288366168,0.02015866829538851,0.05047758845494142,0.028168501866798798,0.0376773905913879,0.0,0.07
1,0.8412733304409064,0.8075473029803711,0.8075473029803711,0.8075136557478996,0.8088302775674616,0.8135770846594129,0.8,0.53
0,0.35324065928253384,0.3886819792720089,0.43084943849122487,0.39001472498651457,0.4279145097433778,0.4207901818380249,0.2,0.41
1,0.7922169259372648,0.7568788348216937,0.7568788348216937,0.7541300647159802,0.6824745022357664,0.764292798739022,0.25,0.56
1,0.6531208064196571,0.49819102445336366,0.5817928385940112,0.5408387503977746,0.47830352638931023,0.45343501025457716,1.0,0.57
0,0.5569739461891606,0.5711239723074041,0.5850305107525651,0.5388005917983777,0.5338453689584032,0.5304331161187424,0.0,0.23
1,0.30949238987327615,0.3071829478352865,0.31809824576769136,0.3122671536648198,0.3167269733094529,0.3169462662313833,0.0,0.31
0,0.5756271961048656,0.5481653427353905,0.5481653427353905,0.5637903716267485,0.5541999556725424,0.5472603654229826,0.16666666666666666,0.63
0,0.2556498604071786,0.2553867759303352,0.2553867759303352,0.328244688958581,0.3261523722561114,0.32579118820085645,0.0,0.31
0,0.4458218058043821,0.4288705109859041,0.4288705109859041,0.42139208227571506,0.43938395711557676,0.43663064869153106,1.0,0.44
0,0.14004322800953484,0.13346436971648162,0.13346436971648162,0.16560878450188782,0.17251525379823132,0.14730530751847062,0.5555555555555556,0.14
0,0.188675968194348,0.17688153800516535,0.17688153800516535,0.2199420067447919,0.28765875817287284,0.28101674838879764,0.2,0.34
0,0.3367179036960872,0.28466460086583645,0.28466460086583645,0.32663872580744363,0.38272678981718905,0.35424372211809196,0.2,0.41
1,0.7535918721757711,0.7509464498299091,0.7509464498299091,0.6775623278570807,0.6119598282353236,0.6445886416778364,0.6,0.68
1,0.7171330803216787,0.6949790249975308,0.6500284002608041,0.6342037156430811,0.5554920522445699,0.702513749017006,0.8,0.62
1,0.11420163782985772,0.1045593194997268,0.10981794081513696,0.15571120689158413,0.12993295094558074,0.1443657343308916,0.0,0.14
0,0.05910892781282862,0.06181192839131898,0.06181192839131898,0.08806258743205693,0.07653956706388514,0.0757111790195245,0.0,0.17
0,0.3478253413933045,0.38741298920374195,0.36116658496857307,0.3879626748222772,0.3717954263425114,0.38561225014618533,0.6666666666666666,0.5
0,0.16676109436523098,0.22560474249269322,0.16447309912988223,0.21059747508983373,0.26135920133647844,0.17290202722306489,0.0,0.3
0,0.3767819951798271,0.4176999068512313,0.37891198336407794,0.36595114038548615,0.3661911665853794,0.38177258449272194,0.6666666666666666,0.3
0,0.09677166328005893,0.11367376510538148,0.11367376510538148,0.14952944598309803,0.18098547544614013,0.16777063170493056,0.0,0.06
0,0.07356800430816231,0.05253495971069166,0.06294730996420106,0.0958211245462485,0.11757960926155671,0.0757225680021749,0.0,0.08
0,0.020401682097744983,0.021309959390567915,0.021309959390567915,0.04895445183422262,0.0723261916893887,0.07127489275534717,0.0,0.27
0,0.042079696741944075,0.05253495971069166,0.0347128517138537,0.07109397412345604,0.11816422806176098,0.047935098159500596,0.0,0.03
0,0.033237134273704755,0.03265951828803391,0.03265951828803391,0.07472017938864506,0.09746376041255003,0.08537785617126908,0.0,0.03
0,0.15511644873732053,0.1287704060548719,0.1287704060548719,0.1694954302714146,0.15495215163504467,0.15723935616679957,0.3333333333333333,0.27
0,0.035502379839816925,0.025090264469572496,0.026715483801734947,0.07507637975461738,0.09782091767152981,0.10325281949066588,0.0,0.02
0,0.11236525932558442,0.14107668132849802,0.10938054635449246,0.14768324927983323,0.1781362226039711,0.12281209360398197,0.0,0.06
0,0.05604938276450802,0.04151084141566779,0.04151084141566779,0.07945554783617752,0.058744352014088196,0.06182260064405405,0.0,0.01
0,0.09589128600076711,0.08701756788917377,0.08701756788917377,0.14028642537403505,0.16900434384386134,0.15469304091367062,0.2857142857142857,0.09
0,0.1866940740268064,0.18228456394284845,0.18228456394284845,0.19775241374683167,0.2078614536257039,0.19100700169274507,0.2857142857142857,0.25
0,0.1468286774189188,0.16883955357178346,0.16883955357178346,0.1748829812565008,0.1876482029246684,0.1571921590010435,0.0,0.27
0,0.10365251523448196,0.1003715091698168,0.1003715091698168,0.14247031036237154,0.2125294076187456,0.21631657917835873,0.0,0.01
0,0.43365162314819966,0.36952584439544384,0.41089231340697485,0.4680076215144573,0.4178737907629559,0.42770496272609215,0.0,0.46
0,0.23739230663733113,0.2440011494966564,0.24075280457819137,0.25152741036484444,0.25525553977663046,0.25462221251232264,0.2857142857142857,0.33
0,0.09689049202809152,0.11655100922696439,0.11655100922696439,0.13606575663159537,0.11995175283680709,0.11917415141974824,0.0,0.07
0,0.19937455489699493,0.197540895372119,0.197540895372119,0.21633013063250153,0.213419220991344,0.21052949718475092,0.0,0.21
1,0.08514726385728158,0.09565739004692166,0.09565739004692166,0.15386967526027223,0.1850457275739509,0.17090684136695128,0.0,0.07
0,0.09194865571301779,0.07498981251570679,0.09007609886314975,0.12892927611772542,0.12441532906999198,0.1224418684702422,0.0,0.01
0,0.12612651950615364,0.1829397053159622,0.1207651951507575,0.16211566191085514,0.22295603016494892,0.13738118464083107,0.0,0.2
1,0.5529977512066291,0.5518117974118226,0.5518117974118226,0.516918870902994,0.4475882795326271,0.4519309841764583,0.3333333333333333,0.37
0,0.1260927915825242,0.09989081299904477,0.09989081299904477,0.15575787411297548,0.1538581425652617,0.15394116639293132,0.0,0.33
0,0.062099307861426756,0.0624399934373379,0.06477377270666776,0.09076679828695061,0.0731932135112482,0.08332005144030445,0.0,0.12
0,0.47877722921961313,0.43967667921371034,0.4340533008339657,0.4609608112015469,0.449391356062977,0.441316436912682,0.2,0.25
1,0.3046367241779861,0.37078255491501816,0.27062977673938443,0.3599600431309838,0.3809704398693152,0.36258803612710333,0.14285714285714285,0.57
1,0.20023924756966058,0.20331634999149129,0.20331634999149129,0.24950648161979497,0.24889214461322978,0.24713485665088628,0.4,0.27
1,0.07974115142906976,0.06439377913866876,0.06439377913866876,0.10637108755717899,0.08404481190069461,0.08832764061855279,0.4,0.12
0,0.5589566271632348,0.5313209193980105,0.5313209193980105,0.5438392686549958,0.5123539017769192,0.5383166936200071,0.0,0.51
0,0.6752685740603893,0.5142609060215549,0.6653918184512424,0.5973704400190325,0.572999311022608,0.5665692685887349,1.0,0.53
1,0.3255071766411785,0.284281338296083,0.2624571821279505,0.356156609414512,0.32511358803120605,0.3331530080123562,0.2,0.35
0,0.12541837879721107,0.16362404692411267,0.1237655472797732,0.15067702822952725,0.18693339369764106,0.18525689399711467,0.0,0.55
0,0.541794354258426,0.5480024889455025,0.5480024889455025,0.514340631086304,0.46942101927080443,0.5217697966458948,0.8,0.35
1,0.6151728443743818,0.46604728345092533,0.46604728345092533,0.49744041746898443,0.4023025689326155,0.40899066472411516,0.6,0.44
