Y,log,BIC,AIC,ridge,lasso,elast,arbre,foret,gbm1,gbm2,gbms1,gbms2,ada1,ada2
1,0.741915702805881,0.6886292164905725,0.6886292164905725,0.6774119921444127,0.5983519453043604,0.6050862471906058,1.0,0.76,0.6244600539094206,0.7694906499390438,0.6427872888761093,0.8446654203772379,,
1,0.29227259210002465,0.3623613921093594,0.3334705158247939,0.3167758316745968,0.372677938288807,0.3579630440629161,0.0,0.31,0.2937932421012612,0.3589619405645676,0.4274298033208382,0.48451992812778416,0.3163172909241016,0.27366675617294767
0,0.2505125191891776,0.3133046911324994,0.2296236622836356,0.2856693712942396,0.31399359493408796,0.2968419726469136,0.6666666666666666,0.14,0.20094164016146568,0.16598653538790506,0.1750121877270296,0.09668671899840246,,
1,0.718668893519901,0.7195322199913671,0.6806531174231373,0.6790723281629626,0.6956695023049004,0.6815157389489084,1.0,0.69,0.6566169561416674,0.7534306507774766,0.6671928327459717,0.49918117797735084,,
1,0.7125184099839149,0.7109297140222284,0.7109297140222284,0.649601033005211,0.5187242923424861,0.5353520894160037,0.4,0.53,0.4707448985610693,0.3703343407010628,0.46721344510544516,0.48206023140707,,
0,0.6330391058661367,0.6394244250349549,0.6394244250349549,0.6030500087420818,0.5668198841396206,0.6101580784250148,1.0,0.59,0.3465748316522579,0.4066012585985926,0.5774263688354737,0.5938059630585586,,
0,0.24248818894997068,0.20044835753236528,0.25044339831378853,0.24731614827759946,0.24192158713951972,0.2422719075836231,0.2222222222222222,0.26,0.2049857519754535,0.2667170882287422,0.18569895471777575,0.23165473873669096,,
1,0.5745034424079226,0.6810867681538707,0.6498689177345033,0.4938314423807268,0.5541425390166278,0.5515889558025816,1.0,0.45,0.5647710793299284,0.5224711318836529,0.3808993626467277,0.27806315893846933,,
0,0.1349180514838171,0.14973609164357146,0.1514141385922657,0.17360836706481048,0.1556793302885805,0.17083571057019123,0.0,0.1,0.10516407804638801,0.09052650066721472,0.1268528038742548,0.1148714740546042,,
1,0.6279245506931811,0.6608051155887509,0.6608051155887509,0.5568718408283966,0.4572785910994828,0.461461955880601,0.75,0.53,0.689059892237496,0.6978803044655557,0.5128519733839624,0.5753107501245075,,
1,0.6135897271544508,0.5367491020813371,0.5367491020813371,0.5595401138269221,0.3881706542322271,0.3839133682857676,0.625,0.48,0.6220134890221369,0.6488486630163518,0.6170376605504825,0.36796479718266023,,
1,0.659048255463036,0.6509601959429766,0.6509601959429766,0.6020452644063435,0.5119711086054008,0.5344212201127173,0.0,0.49,0.47437097725130145,0.38230413888961895,0.42397301083520816,0.485145169164119,,
0,0.037542309994267296,0.03684943240235005,0.03997267118948956,0.06261620880793703,0.04763145159917228,0.05681257654932845,0.0,0.0,0.04143309618760847,0.07213382285824758,0.10263560507612125,0.05176428185966362,,
0,0.028369046855402365,0.027572277597149003,0.027572277597149003,0.07260232271703551,0.08592431613259847,0.07742763595902499,0.0,0.03,0.06933250467831817,0.0656461969491505,0.11489778102443506,0.07476749100229951,,
0,0.5245631387499841,0.6878709440131872,0.5980015725399095,0.46900588034120827,0.52104398867981,0.5324852362566789,0.8,0.6,0.6463228687712472,0.7297104247687699,0.6836054349650773,0.7315622441359168,,
0,0.21765289255939635,0.4254243220141418,0.24516802048970787,0.2531599410763246,0.36766271989609867,0.22993997178064624,0.0,0.22,0.3145333161410818,0.34441572977814283,0.13526655763570394,0.18197539459771436,,
0,0.8700815855528808,0.843700941284216,0.843700941284216,0.7592443101123587,0.6978989433217563,0.7080475300554211,0.5714285714285714,0.48,0.48760909555505527,0.39717824567427973,0.6004196626399398,0.5342834547706796,,
1,0.9003733624884944,0.9100567086458597,0.9003641719705185,0.8219010637097871,0.7870364456178321,0.8149759723348127,0.4,0.83,0.9232271564064033,0.9041417129084728,0.8093213057745463,0.8671096367961055,,
1,0.7867508264127782,0.778870618886466,0.7929104494091453,0.7014543818294317,0.6779188375960123,0.6962022491642044,1.0,0.52,0.5835316347453089,0.6302894979329218,0.5297384555245722,0.4292282494213978,,
1,0.7194388705424297,0.7756148738900227,0.7756148738900227,0.6559538974506847,0.6533625868129225,0.666641710910899,0.8,0.65,0.6545480562175245,0.6119783172806031,0.6367438751340188,0.5858323446210494,,
1,0.0792841133301511,0.07220212713679719,0.08194505592054938,0.09706891059878282,0.12778663252130093,0.0834713857117519,0.625,0.23,0.2038280694277801,0.12146269912103812,0.4242254361991536,0.2088967322223598,,
0,0.38213421198360487,0.4000164119127293,0.3859824293770403,0.39289294822357534,0.3889908752137907,0.3903978815399076,0.0,0.18,0.3021553483555601,0.27410775768713525,0.238422612225803,0.17472128167115453,,
0,0.6778242731245085,0.5988335375337832,0.6336942631415277,0.5941051470052401,0.6055507499194344,0.5742557978462646,0.8333333333333334,0.66,0.3007313309132522,0.34667057002691803,0.2677262021614099,0.3971446569432158,,
0,0.26662263381693474,0.29413195189354413,0.29413195189354413,0.2750753029470147,0.3260146401715427,0.3143223854204262,0.8333333333333334,0.37,0.39701958145884114,0.48003119793341875,0.33947273976874937,0.32931723982619515,,
0,0.6107231640804425,0.6180781563057445,0.6180781563057445,0.5796054228095926,0.5555316047888799,0.5945048646980715,1.0,0.68,0.4147596353555606,0.4083585435699696,0.4701131621197962,0.5760725387951271,,
1,0.7586146976824557,0.7076252906893108,0.7076252906893108,0.7028643001576096,0.6239126679230195,0.7143446267622792,0.8,0.61,0.4457378260370227,0.4127357413268405,0.3971921610526281,0.2716532121889641,,
0,0.39302721575441074,0.5480539198408678,0.5480539198408678,0.4195974848425726,0.4823308537369801,0.4316760666039055,0.0,0.52,0.3426819124936373,0.41646325457685013,0.43191590392720536,0.3539363185101979,,
1,0.6478619334798564,0.590045108116954,0.590045108116954,0.5623034777113335,0.4588775606377616,0.4611294714654513,1.0,0.7,0.509285545562202,0.629513435475463,0.61658085001374,0.6622779318189699,,
0,0.646653051148814,0.6732003513227407,0.6494372198227256,0.5831647176113498,0.5808935324764471,0.5907899399779404,1.0,0.65,0.5835316347453089,0.5967751852705525,0.4859863934678212,0.640068385280948,,
1,0.425464413762633,0.4913033952055036,0.4913033952055036,0.4149150938249873,0.4585747870436626,0.4425560288228407,0.6,0.5,0.32103330087015947,0.2826772370454462,0.3478444084694906,0.22920169104548166,,
1,0.21716162016233825,0.19175348750828547,0.19175348750828547,0.23719902306977772,0.2821579141371453,0.2740547516254111,0.0,0.31,0.25253019882890887,0.22511922090421008,0.30490756089085025,0.2468770000880634,,
1,0.38760912307577694,0.19982976204934896,0.300374863974292,0.3628740837362557,0.2829324132259852,0.36271373409687563,0.42857142857142855,0.34,0.21361411046182943,0.23761197838935505,0.29077156334325227,0.30512784914450714,,
1,0.6578197881141951,0.6929182397195195,0.6929182397195195,0.6098131694555277,0.5912277759741483,0.5868826477378677,1.0,0.75,0.496404435165228,0.3985399337575633,0.37119007500874246,0.3563582296296355,,
1,0.25144307250236025,0.29092559819949837,0.2661802441835194,0.313615635924335,0.294798519737332,0.304509063393656,0.16666666666666666,0.26,0.34830857176288854,0.2789630191452065,0.28029516372918367,0.3471038789843567,,
0,0.33614564739227876,0.29462059098484583,0.3758405792194466,0.35431560773329235,0.35501313160723846,0.35686850612000154,0.42857142857142855,0.25,0.28408279437174483,0.28488736812754983,0.35156793503198286,0.361211716854882,,
1,0.13882819891990456,0.1330831827503588,0.1330831827503588,0.1579515133277376,0.1605740731016162,0.14845672804187976,1.0,0.33,0.17160165518888815,0.1958184589997469,0.14181779906115016,0.07064285122610714,,
0,0.16081326640389973,0.16600343994820638,0.16600343994820638,0.19967565426787848,0.20207036954920143,0.177327717382059,0.2,0.34,0.25586208952287653,0.2615521298103272,0.273818879743413,0.22078479664079365,,
0,0.16612561650967242,0.22481178523056522,0.22481178523056522,0.20633906612232727,0.20739709238739112,0.19994612482724222,0.0,0.28,0.4354407995829574,0.4964709221860283,0.3508686605042717,0.3114307278290435,,
0,0.28523670992648,0.27834195941006756,0.2821271870725689,0.28287960462092887,0.27220918284394635,0.2784057679362349,0.5,0.2,0.47515569673718283,0.2477268927261928,0.31472287740716526,0.24207804794263393,,
1,0.8862158667781594,0.8840677714831455,0.8840677714831455,0.8245804031344114,0.8497512057573737,0.8522165603987415,1.0,0.8,0.8528920335240279,0.7899981216924991,0.7868964244391998,0.8549654911174878,,
1,0.39619860352929304,0.4302850421223803,0.4302850421223803,0.3960860638989284,0.39968399862521486,0.392328357559046,0.0,0.35,0.28521972891360337,0.2783128591982017,0.32196134516763525,0.3720254328521379,,
0,0.04330951071208343,0.037174573074320615,0.037174573074320615,0.06812132530054595,0.07489146960808898,0.05017296623561492,0.0,0.18,0.14742113151456213,0.10467420849048595,0.17392518674328172,0.06011225570525835,,
0,0.018266686325339728,0.017634443595318204,0.017941034274339487,0.04026487904332786,0.024778330279881553,0.032542631315424654,0.0,0.02,0.024924986869315324,0.06371239953614989,0.09113417265507354,0.04551582132456206,,
1,0.31005258324906637,0.37757867497338665,0.3352683117444863,0.3300451897067088,0.37493750778542273,0.362809593891313,1.0,0.19,0.2752351770212306,0.32330459378254783,0.26649806171248885,0.2882457208851879,,
0,0.008437123820952191,0.04058529199464329,0.036456415821982696,0.033899845944389426,0.061040742069792354,0.06909866920124617,0.0,0.09,0.0862508172656677,0.11345758464107833,0.15727206785202663,0.1266784634518137,,
0,0.32941644153425226,0.32867956245840474,0.3072253853488516,0.30880748772883276,0.3191544757564116,0.31455481678758307,1.0,0.14,0.2426109083348753,0.29200708001227854,0.32762432826371835,0.295392302560099,,
1,0.8592515844800376,0.8481107574916444,0.8481107574916444,0.8046019625964457,0.7688082911977397,0.838247672540977,1.0,0.73,0.6029971049267239,0.6517899409080053,0.6850530331063354,0.9085398669521974,,
1,0.26935257331493895,0.33994932234862285,0.3021481385468099,0.31697342790402977,0.3209340231181091,0.32881746550583,0.16666666666666666,0.38,0.32887133073577185,0.2904452176128056,0.27531073593591815,0.28237819187025737,,
0,0.037605943836155245,0.03404762898599381,0.03404762898599381,0.0618187864244887,0.08292302191201152,0.0845679648982183,0.4,0.06,0.06058714218192463,0.0583820993982191,0.17627164357900219,0.12192167524366694,,
0,0.11846897501111395,0.13982749313086676,0.10283315500406719,0.17473192363219023,0.18087337158939676,0.17289224893182253,0.0,0.24,0.16371806300478728,0.2194228669773046,0.18898269052410285,0.13122845549968282,,
0,0.28768526196287497,0.3088507167868263,0.3088507167868263,0.31086429308590036,0.30389886570778324,0.3025449341357481,0.875,0.42,0.2897130084870254,0.3605908918737219,0.3202439916261472,0.23792139389542982,,
0,0.20897804795258998,0.24832517875337679,0.21827680470880567,0.24012422865949964,0.2893214994802779,0.21497204363757136,0.0,0.19,0.24394891466149518,0.2641499206897879,0.13605349034860922,0.1593888505910805,,
1,0.2944826142909666,0.16987439203513527,0.2810013706745157,0.320507630080813,0.28605228077655853,0.29832309339471536,0.42857142857142855,0.36,0.28323017550686047,0.3254548352168642,0.35469855267346967,0.4332225642254207,,
1,0.26820131773528144,0.2599934000817736,0.2784781025525552,0.29441119355186157,0.28639561716736583,0.29099406628369767,0.2222222222222222,0.32,0.2944327209195998,0.32371383150981237,0.2898958517960972,0.5549688162425753,,
0,0.2991784879243124,0.26544250556380145,0.26544250556380145,0.29901909180646585,0.2894322008974044,0.29679605658852837,0.7777777777777778,0.39,0.3937175710669782,0.2551342321331347,0.42374039083744963,0.4955594157791741,,
0,0.3870066937567406,0.3477133284055803,0.3648191923837437,0.4176643590731217,0.3760399246689404,0.384477826418024,0.0,0.14,0.23899174874899673,0.24158508929723418,0.2894967447966393,0.31686343536533484,,
0,0.05941223327365567,0.06239321284713898,0.06239321284713898,0.0888682919616932,0.1299622221700527,0.12843076752568008,0.0,0.1,0.09955211646523462,0.044945754697629736,0.11960243738067534,0.07161671427772143,,
1,0.1717296298130616,0.17173739705879573,0.16363431123577896,0.21703282722423878,0.24066796285462524,0.2449759080193715,0.2,0.13,0.19989299133536637,0.2680232080706598,0.2763453504839014,0.17835147680853358,0.24566321695362886,0.28931275907767107
0,0.03938065463247053,0.04447203495455048,0.036272603288727355,0.07281865982783994,0.0803482506950975,0.07227769201146277,0.0,0.04,0.07854378709463665,0.06394553119669738,0.10221434781729644,0.0542820425388227,,
0,0.533361468044731,0.5442767394310075,0.5972395245325881,0.4582904116194493,0.5324947317437477,0.5092364508401344,0.2222222222222222,0.56,0.5031656422237054,0.447971107264728,0.45976072050260075,0.5237606268644931,,
0,0.10924554735626923,0.09335005965138084,0.1035175246524682,0.14514549893007203,0.14832701809736698,0.14195565696870976,0.3333333333333333,0.16,0.07142999377320706,0.07565645432537509,0.1749939489882015,0.12996523191711035,,
0,0.5343016156132846,0.49036906515039674,0.5092632082568613,0.4573753164687052,0.414741990776395,0.41400172396249874,1.0,0.49,0.35138417264831007,0.32541835783407286,0.3163494605777219,0.42034411025562984,0.4000562497358531,0.41710497650069395
0,0.8065718146118999,0.7950169565242435,0.8024581695721692,0.7172233733327911,0.7727545218324928,0.7414683000713506,0.8,0.78,0.7894681644269118,0.7001353015347513,0.632398925769934,0.8559245612105648,,
0,0.08241011580120647,0.09128225573247317,0.09128225573247317,0.1186404302745598,0.10589088368701023,0.10366484680805219,0.2,0.26,0.17968255289591878,0.2088549644349696,0.20125560581948412,0.13818556431257173,,
0,0.04020879706239706,0.038239323718500265,0.038239323718500265,0.06512293175240139,0.08592742408357848,0.08867468602243425,0.0,0.02,0.05178626328483879,0.03317530970551887,0.11960243738067534,0.0561844905595608,,
0,0.6618548096879953,0.6275243392019133,0.6359575374384064,0.5533695820536817,0.5031388928356316,0.4931120309028688,0.625,0.47,0.450439146141597,0.48545007243529487,0.3858432648636955,0.4120800300119158,0.4939578461142008,0.43370906243919766
0,0.17689220089896437,0.20365132646168824,0.20365132646168824,0.224333874706736,0.2637233747712779,0.26753978719724686,0.0,0.21,0.2995290099304135,0.24189329691138825,0.15863516409152484,0.11694650077019997,,
0,0.02276814112716141,0.03367731374293279,0.028273711984325486,0.05257508938880707,0.0749276825836189,0.06427726844379139,0.0,0.08,0.05935476342955104,0.07481714227485299,0.11734468462648909,0.06049348441961283,,
0,0.33025726607205996,0.37495205842643714,0.3463021263012686,0.37445082975424065,0.3818701973855919,0.39251757396402664,0.8333333333333334,0.62,0.3288740332295836,0.3068708030343363,0.2763453504839014,0.3267953627157667,0.31303384358490854,0.3890097733399805
1,0.14855937856388593,0.13941488735984858,0.13941488735984858,0.1580930364459751,0.15934631387617437,0.14977402249568322,0.0,0.06,0.2055151999689004,0.1684355251499149,0.14386750435092982,0.07986545602276832,,
0,0.03970947678343024,0.035610355953143456,0.03313396423597688,0.06975812030281786,0.05681388360798971,0.06552017381864444,0.2,0.16,0.10485569893384428,0.11988482252467507,0.19123943957407097,0.23029900901610248,,
0,0.1559606257727463,0.11872376670977851,0.11872376670977851,0.17267726770137545,0.1630825899785682,0.16295611289362164,0.0,0.42,0.3107216109100066,0.3909611853405133,0.32952095787554,0.46462109960687553,,
0,0.17723314030317544,0.17906725735549447,0.17906725735549447,0.2174379317770475,0.2244800265169465,0.22841343468277117,0.5714285714285714,0.25,0.25618142228661783,0.24823596361761674,0.38430236584869026,0.3711488143376327,,
0,0.231774718014696,0.14704667810055053,0.21496627008663624,0.23587773407334633,0.22823409596595487,0.2389487057444737,0.2,0.31,0.2119253152909034,0.25124161697167435,0.2406717411193751,0.29021547542040305,0.15921287705961298,0.2596459692977366
0,0.1951036525565798,0.2102025304056978,0.2024192103890488,0.22567885513795985,0.2072576060871117,0.21744988977827542,0.0,0.12,0.15884298002881878,0.17381267188727542,0.22362642731039944,0.17091261130420898,,
0,0.15550688630987175,0.1359695087465393,0.16508466640376904,0.1903067239746264,0.22116780348871642,0.22236922454887878,0.42857142857142855,0.31,0.1762550995841644,0.21096175133994508,0.3163494605777219,0.1984178852791484,0.24015880108163173,0.2714688876220091
0,0.27003581258806536,0.31227989178463006,0.2921240622250051,0.29566486912841133,0.3276736043730228,0.3224328487771994,1.0,0.3,0.3090755239714568,0.36913334438539946,0.2165073411909163,0.1908963669885123,,
1,0.5563117232264606,0.5087406726457899,0.5527836070427591,0.5134545382267377,0.46038286466516887,0.536597218540366,1.0,0.46,0.4240447709849469,0.44868100066242933,0.39128675977775124,0.5723186199922634,,
1,0.41200564339584694,0.33388266332155225,0.37533221993201277,0.40476890693908985,0.3848510727198826,0.37932957164835457,0.0,0.33,0.40832062233965283,0.352843125903756,0.4274298033208382,0.4295939749098561,0.41094178731412045,0.3859342559377147
0,0.32944324487812465,0.3796418280940591,0.3796418280940591,0.3344344990096014,0.35833206383062,0.35257996008023373,0.875,0.54,0.431071089991958,0.4035848572609068,0.27729015431271614,0.33997221963086377,,
1,0.5590610002514702,0.550122435324018,0.550122435324018,0.48863093105939065,0.4797833584633269,0.48153360866086076,0.8,0.41,0.37188799387576293,0.4987177704125389,0.4620014074460273,0.34107040824232854,,
1,0.11997133692781686,0.4059686966197701,0.17101367713043486,0.28302001206713645,0.3934043061782863,0.3923865518407048,0.16666666666666666,0.61,0.5942004568095122,0.5724449355862317,0.6667379517419632,0.6791931109702475,0.41094178731412045,0.5006487597857715
1,0.7169468258094555,0.7102269754032926,0.7102269754032926,0.6594187053990848,0.5692058992559982,0.5754658581889303,1.0,0.6,0.4603997241148229,0.4734458662022129,0.47331148779650034,0.41545851825499336,,
1,0.5060638547751186,0.5170990290932582,0.5170990290932582,0.5012169652234268,0.46104047330240494,0.4631801907331511,0.16666666666666666,0.4,0.5288221040473514,0.4316706463960545,0.46863841683338164,0.4308897660905482,,
0,0.14501208829837617,0.14107668132849802,0.12776420261452653,0.16455528899083124,0.1824397807353935,0.14906858131217646,0.0,0.05,0.09645335906792764,0.09940462931713522,0.1110965252016934,0.07244781777346249,,
0,0.13713755919315546,0.18580598401083406,0.14658848144201542,0.17656859974606137,0.24249920645140588,0.14555728772867937,0.0,0.12,0.17859843535718511,0.22285229570182663,0.08923918014377459,0.07386594498308972,,
1,0.5566775400867072,0.5326052928871918,0.5017646925322559,0.4603977402317464,0.46469050008595747,0.4560820824970277,0.8,0.42,0.4524197898702666,0.389771886559132,0.49258049347921723,0.642098576083245,,
0,0.21708014936629574,0.23044058311211674,0.23044058311211674,0.26539913875256343,0.3069010081599471,0.30215687180749023,0.0,0.17,0.2121256071343899,0.160169976443432,0.2522599427881929,0.19790809732610012,,
0,0.39301869669681616,0.38980302965601715,0.36584944224078714,0.36172747366516145,0.37094622230092916,0.37020295686465665,0.2222222222222222,0.41,0.4124516444572237,0.38400752334442373,0.25644381764767865,0.24461061923843336,,
0,0.1016182664314312,0.14246111024818245,0.09713186724030196,0.16071446730227124,0.20837351629796602,0.18008270086068676,0.0,0.24,0.2954975549710854,0.2692023844864582,0.1845076010308887,0.11450703154252322,,
0,0.03226232632282612,0.033141687095938475,0.036406896598423596,0.05911996934362599,0.044153964257056734,0.05455009547946107,0.0,0.05,0.06823082890522465,0.10182546397726538,0.10894998088170726,0.0957148415475758,,
1,0.43507993207696327,0.49528512515326695,0.43679932439570257,0.40233525000711795,0.42618610462403783,0.4136074070901852,1.0,0.46,0.4298807726719607,0.40218637818657194,0.44316651861714207,0.5907307694557818,0.41094178731412045,0.3859342559377147
0,0.08480819167151565,0.09395872251585227,0.09395872251585227,0.11325426927850668,0.1250050508274666,0.09756125689454265,0.0,0.09,0.1451909620699919,0.1271723806907813,0.1511091020182253,0.06072248144572687,,
1,0.21862293211942324,0.2801027190640817,0.24066521698757606,0.23745223556731257,0.27814780160382213,0.2755820251216998,0.5,0.09,0.21721403341411075,0.29200708001227854,0.2977978908051893,0.20750481976935317,,
0,0.4102488008475154,0.32667057271882144,0.4107746838480387,0.42835419878626624,0.40570190104790643,0.41671950103320143,0.2,0.44,0.4229111265458534,0.40784473765040824,0.4700465093463285,0.3912271630799287,,
0,0.512645134347995,0.4642056524365422,0.4642056524365422,0.41009598244285694,0.44667420379802264,0.4251339115396366,0.0,0.5,0.46285299033008626,0.4947886853096999,0.48414057316030557,0.48110330583836325,,
0,0.1847537614294101,0.18012217123193844,0.18012217123193844,0.24260978536460862,0.30756551051016856,0.30860661639075926,0.2,0.36,0.3113269650779468,0.29996807910995327,0.3285561663733354,0.17986782333643675,,
0,0.27193097305316644,0.27406980535089953,0.27406980535089953,0.2948175497793198,0.28168583344229886,0.2820992620357263,0.0,0.23,0.2897130084870254,0.28390827138304003,0.2231903789337869,0.13338676712657135,,
1,0.7605574087531406,0.7501611047169368,0.7305552253558019,0.6653853135166543,0.6186462646984232,0.6335527463474326,0.6,0.68,0.5759141238102117,0.7079930272179179,0.4441797335518184,0.5407771054905544,,
0,0.34009642930701156,0.3349409975903104,0.2898249786877837,0.35382323352885586,0.3330526686800198,0.3450803933072487,0.6666666666666666,0.49,0.4364380487528696,0.6136016732647059,0.4218197906728252,0.782412384620783,,
0,0.7451791313937646,0.6994718150108741,0.7503936704142365,0.6573172603072809,0.700025364931256,0.6699263139965131,1.0,0.7,0.6735214078246492,0.7448060946861461,0.6485018467399232,0.5537324043868287,,
0,0.08711786274149823,0.07982698044482331,0.06461639118670551,0.1544306984003155,0.16228056715931638,0.16930067280259242,0.0,0.22,0.1497953068068811,0.24047944363536386,0.21256312159038906,0.1646389057722005,0.1348680050290038,0.23930650523307473
0,0.21664826187321182,0.3421967225181306,0.2292901683635542,0.27540460363088987,0.332689885796025,0.31536660368950825,0.6666666666666666,0.18,0.23308863278741765,0.19182155317878705,0.20158219440258898,0.08994176975984208,,
0,0.06369244139118463,0.07823532262748277,0.07823532262748277,0.10963743483559656,0.16401224917719512,0.1600366471536802,0.0,0.16,0.17300007869856537,0.1279904903947155,0.21031292939665466,0.1180324807510552,,
0,0.1480090428423173,0.16573206149057454,0.16573206149057454,0.18461769953046936,0.21062536069521542,0.2175216706746234,0.2,0.23,0.2053687565070665,0.2258755681916523,0.3111882392595316,0.18609579623038888,,
0,0.5064241406956366,0.5020619612976366,0.526855316245981,0.46236182278275695,0.47404662884899146,0.47266101782427317,0.8333333333333334,0.52,0.381931277869511,0.4202656683678694,0.44584038038351265,0.7224040228266518,,
1,0.3922544302039853,0.34576724022290634,0.4130805426036871,0.3452948354316968,0.36509527467676745,0.3737560147723229,0.0,0.47,0.3646773824869464,0.42276738296672695,0.4072834980204055,0.6023148745790377,,
1,0.4273876623956648,0.5214055315610012,0.4524413253576991,0.502459703554101,0.5303793984692999,0.537166587974195,1.0,0.62,0.5295419463347835,0.513540554633288,0.6562970720092423,0.7477269527428114,,
0,0.26652587599433053,0.2643147837461961,0.2948914634366106,0.26384980889530807,0.2669473736105536,0.26592582433098466,0.5,0.21,0.230837026385785,0.2521063019053853,0.2879554133482246,0.29402701073006304,,
0,0.043552687729586564,0.03871076677987605,0.04027273474159316,0.0774049859364251,0.07963347544963938,0.07393109441771545,0.0,0.0,0.07854378709463665,0.07000195699740568,0.11734468462648909,0.05004279708569898,,
0,0.12149522148288606,0.12584381424127344,0.11398361365883125,0.164326190025865,0.13729238729283805,0.1499805213282963,0.0,0.06,0.11744525832961522,0.1450076914327268,0.17067750280885371,0.1477495235764037,,
1,0.8848386674696357,0.8688317770270826,0.8688317770270826,0.8056435681002603,0.5905313833645982,0.6198379946124818,1.0,0.77,0.8619594917377829,0.8817572952751437,0.7442366257087378,0.6588567363495279,,
0,0.15643716939872415,0.1375659463762842,0.1375659463762842,0.1886803095585084,0.2162738093863014,0.20250751378490897,0.2857142857142857,0.17,0.25552446728280565,0.30165241633318285,0.2850358952349352,0.3165075383225928,,
1,0.6593714417145718,0.549557001816716,0.6022643636860101,0.6068330039066108,0.58132305089685,0.5766315076733859,1.0,0.47,0.49005801436028756,0.496784964545943,0.38633447206901383,0.5318126445723133,,
1,0.7881159959569715,0.7894527485962167,0.7894527485962167,0.7041877688994989,0.6146428199361318,0.6408819194081657,0.75,0.55,0.45627800458755496,0.49215625554771786,0.4934514355227612,0.4186522700635243,,
0,0.5605254634224552,0.5653431970701918,0.5844278746688195,0.5204373506877242,0.49977662997844413,0.501050615150073,0.5714285714285714,0.46,0.36408280368363927,0.3004147399304822,0.3798141190620945,0.5969032500826174,0.3066335129935304,0.49122381403942234
1,0.2278161930454426,0.19987187563911085,0.19987187563911085,0.24145800772951945,0.23543182790125605,0.2428673933201718,0.0,0.29,0.2563477246094327,0.21908182219260958,0.3478554589834251,0.3390337377065301,,
0,0.07696866515824538,0.0604159839589057,0.0604159839589057,0.12875935546354322,0.2772982362491706,0.25744194057237857,0.0,0.35,0.20905223573737478,0.1827814981747084,0.24697907680034495,0.3048119384566473,,
1,0.7402307973071149,0.6948813702824548,0.6948813702824548,0.6153975524871662,0.5908981397012143,0.601609410376481,0.16666666666666666,0.67,0.611581567699766,0.6374156571955121,0.5080075827059917,0.5879884570350633,,
0,0.11834027822775134,0.12993938552396395,0.12993938552396395,0.1733561262003944,0.17158984062149366,0.1718993912741777,0.0,0.06,0.16476044445214655,0.13211899937012653,0.2026697022693677,0.2671894525254022,,
0,0.5674479750188701,0.5424772333945458,0.5424772333945458,0.4571585254280354,0.44805705163062703,0.4441961136395625,0.0,0.41,0.44256659000478377,0.47877234309311933,0.4164329563215021,0.4262075764839345,,
0,0.13775251027968546,0.15531491066628655,0.1418803836276494,0.17916650126736708,0.17127304603583188,0.18117150984867253,0.0,0.1,0.1800832631504487,0.23625558568291025,0.26320595659636276,0.2092905571915054,,
0,0.17708840082830873,0.18694631535401343,0.16395912555656852,0.20397480282301317,0.2053977515851635,0.1992379528817846,0.0,0.11,0.1458534663807594,0.13247307281273651,0.21507443062113085,0.20661856656590977,,
1,0.3242242503868443,0.35638722234668824,0.3112869779098104,0.3251919448748802,0.3488179789415936,0.3166347540585464,0.0,0.26,0.2957017558753302,0.3085778950764803,0.231324204623497,0.23034016046076242,,
0,0.2953168689870272,0.2845411847978063,0.2845411847978063,0.3217411658473587,0.3144819934858014,0.3173458752092781,0.0,0.42,0.32780445318155593,0.3717368187058448,0.4477416269430179,0.34393301116447544,,
1,0.8980266598424257,0.9220140609742667,0.9220140609742667,0.7905713223871152,0.7356189899585772,0.7781019569050751,0.8,0.87,0.8838115034081329,0.9221741285667284,0.8199542470120985,0.8264243505992905,,
0,0.13185255984944447,0.13596381716538672,0.13596381716538672,0.17437899577944546,0.1834279289477274,0.19119824463020485,0.6,0.19,0.17932981944332443,0.31720578755796136,0.26641972916531165,0.20621521152370345,,
0,0.18910120146578402,0.2671411115465678,0.2671411115465678,0.2770964151959863,0.30987185448953813,0.3074119669647285,0.0,0.1,0.25227709604491555,0.2258249831240257,0.3050049879601083,0.32260814839238344,,
1,0.29292508029595915,0.4097726136057543,0.3798269343577231,0.37732064365699947,0.4559652079025435,0.44913547463912645,0.7142857142857143,0.44,0.5726772840013604,0.5203966040473628,0.6151232196943305,0.636904725282467,0.41094178731412045,0.444868728726939
0,0.812703360340376,0.8458934118494369,0.8525183872823741,0.7484803960691574,0.7788545214764396,0.7605452069677054,0.8,0.78,0.7967831425725672,0.7473251022290847,0.7176706385080728,0.7580144870024343,,
0,0.6929652019152296,0.6359583535445094,0.6632162214745846,0.5973725349583087,0.5237026827769088,0.5197099039547132,0.16666666666666666,0.62,0.5726772840013604,0.5203966040473628,0.6151232196943305,0.6825463983252299,0.41094178731412045,0.5006487597857715
1,0.14458235323581875,0.2082237353020094,0.16734139558238822,0.2030558678875526,0.18746115000646812,0.2085888212942264,0.0,0.17,0.20265450996416157,0.27725338334704774,0.34202771936982557,0.32865739289929713,,
1,0.05863344137198711,0.05899844879748133,0.058848117212344536,0.10527610769951196,0.09470879534112082,0.10532938197353865,0.0,0.03,0.1439204762647843,0.1678772893579195,0.26320595659636276,0.1536823063842917,,
0,0.36495587942411356,0.3809031576419301,0.3809031576419301,0.3876308733056687,0.40091631458491717,0.39861321084402895,0.0,0.45,0.4211333305188707,0.35889508569255424,0.5275118883812434,0.5374109377098051,,
0,0.282136916976961,0.2663867070942062,0.2663867070942062,0.2892201518968573,0.2735814002675311,0.2805767912626932,0.6666666666666666,0.16,0.25164860900619673,0.18730435286192024,0.25996249356058315,0.26999141794698245,,
1,0.5967074490677368,0.5922441120083213,0.5818552324483784,0.5366521911897493,0.517849703650327,0.5196950976089446,0.0,0.52,0.6778612656233223,0.4798007430580139,0.38275877866135455,0.25775188005421623,,
0,0.12971501443880634,0.12177641078717437,0.12177641078717437,0.14941839507327664,0.18244324934191666,0.18338126276131947,0.8,0.27,0.28178765268383765,0.3327909121088489,0.2652883753893628,0.27463460370681925,,
0,0.29888598627951024,0.2787617286297348,0.2787617286297348,0.2865955638977213,0.2732840106327903,0.28074260087465963,0.0,0.18,0.26838068183400904,0.15345525751977623,0.29018446692585237,0.2903836736733373,,
0,0.047657398200936306,0.04671773805316229,0.043453447317440906,0.07987282867357055,0.07092259293334095,0.07993839163078213,0.0,0.03,0.10485569893384428,0.10088405757767023,0.19123943957407097,0.14487258437109263,,
0,0.403787153511887,0.48125585591170866,0.48125585591170866,0.40744286986745476,0.42583309873398195,0.4203280812261012,0.6,0.41,0.3165181438558498,0.23306952276740597,0.2983099495883737,0.18709362452287848,,
1,0.5948511900859255,0.617749738317278,0.617749738317278,0.5894548981474735,0.5655071575479244,0.5882286101560569,0.8,0.43,0.4719958245013319,0.4857007328186922,0.6769573322011474,0.6373522062595445,,
1,0.3264921647901001,0.2759509267901927,0.2759509267901927,0.3006886994045779,0.2724572992259549,0.28714901753169125,0.0,0.19,0.19234066223641266,0.14138984170045435,0.2685917381416191,0.22256281622218022,,
0,0.23728900963594668,0.273635784099675,0.26078537941146424,0.24806776214607082,0.27240809408842337,0.27589894757702693,0.0,0.09,0.2811977745833349,0.292904432487105,0.26320595659636276,0.22869453195442294,,
0,0.44742889731646246,0.5088154656500099,0.45128283760018567,0.43293737893916046,0.4254772921575182,0.4217997594064523,0.0,0.56,0.4298807726719607,0.40218637818657194,0.4830623177136839,0.456133394023046,0.41094178731412045,0.3859342559377147
0,0.18561402555185155,0.16851260084047656,0.16851260084047656,0.20308358653073907,0.1871383055322771,0.19054079503082652,0.2,0.42,0.4354407995829574,0.48408073174685284,0.41248424293591984,0.4290172417086417,,
0,0.160626405781429,0.14414751700918987,0.14414751700918987,0.17865658747895055,0.1687665577490249,0.168544580272406,0.5714285714285714,0.33,0.19795915984566878,0.23212525915629312,0.12559753437804588,0.15161783550033414,,
0,0.1373581625294935,0.15475971046556275,0.15475971046556275,0.16693645588055034,0.16797690366804935,0.16219658908350795,0.0,0.16,0.25229633951588804,0.16747234863962226,0.218660976310418,0.19726077983247867,,
1,0.37354864075716404,0.3885292732115125,0.36134151533332376,0.40251167134861054,0.4149772031782724,0.4139781870065326,0.5714285714285714,0.33,0.35138417264831007,0.32541835783407286,0.3163494605777219,0.38080005947078577,0.4000562497358531,0.41710497650069395
1,0.12429810077349791,0.1562162867265065,0.1315805882049354,0.1989350237230345,0.22557524979528767,0.23480720702621694,0.75,0.31,0.24303151257742922,0.2680232080706598,0.2763453504839014,0.3104887856827053,0.24566321695362886,0.3037307845761683
1,0.6126345923222792,0.6243782002852702,0.6243782002852702,0.5270743876975112,0.5591151707392822,0.5537291716055546,1.0,0.66,0.6311943880608994,0.7152293748689451,0.6291718562373848,0.513986229151352,,
0,0.4255682158379235,0.40564833812624335,0.40564833812624335,0.4160142014851063,0.40977198688986405,0.41800756716694015,0.5,0.42,0.3937175710669782,0.3640155003190168,0.5310229413970152,0.377702471067171,,
0,0.30516837512109585,0.3492002662691687,0.3303732154207509,0.3102452853269469,0.34780776797980484,0.3364534501924381,0.0,0.24,0.33691752370991646,0.332471583961793,0.20880717734038406,0.18083652422583352,,
0,0.0815327350570094,0.0867667739385723,0.08503695249076826,0.11770428034577125,0.09536047208340136,0.10821270038757792,0.0,0.07,0.050737332778094044,0.08757194920678021,0.10263560507612125,0.05817090029377946,,
0,0.03623433755054886,0.048310851557213236,0.041361872698201935,0.06794484382760516,0.08484259583546579,0.07684227836225663,0.0,0.04,0.054956900707093394,0.05549262883139566,0.11734468462648909,0.04748163735448609,,
1,0.4279777308661016,0.4464686719241379,0.4464686719241379,0.4113046536342091,0.4158719798576689,0.4455757612271329,0.16666666666666666,0.46,0.3465748316522579,0.31098595920261285,0.27614324321516726,0.3755232533311179,,
1,0.7511349696465269,0.7137698793597593,0.748539293441751,0.6277477588782676,0.5491387757715898,0.5418206584091969,0.625,0.7,0.6141518987919387,0.664738506795487,0.6151232196943305,0.7660145090006744,0.4939578461142008,0.616657620221975
0,0.029547869512732666,0.02712991960901739,0.02890361713781706,0.07060208884608257,0.10517312440345089,0.11107450020724924,0.0,0.0,0.12057034848277652,0.1814301971072459,0.21256312159038906,0.103534053171196,0.11920292202211755,0.1192029220221176
0,0.5150389651000773,0.4681752928483045,0.5368028058491384,0.5184993544800616,0.4901975951616143,0.49164443985332734,1.0,0.67,0.6101731467089961,0.5483972303244239,0.48415926859396574,0.5627611496705993,,
0,0.07782409454754863,0.08497473309807595,0.08497473309807595,0.1062436390951827,0.09648314219655715,0.0945738037149312,0.0,0.07,0.15965384366839885,0.17864326746589865,0.12792328388752733,0.10494498555687799,,
1,0.3174534608876422,0.287684456009742,0.287684456009742,0.3311665187892899,0.3048817248991473,0.3116237294863643,0.0,0.16,0.25586208952287653,0.24943619735259367,0.2375603475860628,0.11743594758964354,,
0,0.1734093683491914,0.11724382131874622,0.17846284062309378,0.1952522918566466,0.2060458405881785,0.18048288841922713,0.3333333333333333,0.08,0.1700427728457727,0.199885164493257,0.215959891211308,0.18181175269354619,,
1,0.8808320937976369,0.8722940946287504,0.8599310364505934,0.8060315471494665,0.665567772541214,0.6711052511631145,0.8333333333333334,0.62,0.5104859771243581,0.5203966040473628,0.6151232196943305,0.7356912597108416,0.41094178731412045,0.44552865222445776
0,0.03045095839886778,0.02566171766281687,0.02566171766281687,0.04917910256774054,0.05137838603617108,0.03525057824274557,0.0,0.0,0.13483080866042843,0.10467420849048595,0.12970841046306075,0.06918356633722313,,
0,0.1855988026863754,0.11319651540955594,0.14708985788947335,0.19168744403228807,0.1575913745155216,0.16978604508712708,0.0,0.22,0.2869542809091863,0.2722118386197062,0.21256312159038906,0.19519673550286207,0.11920292202211755,0.1192029220221176
0,0.034373072044784896,0.05253495971069164,0.0333115419623127,0.058848935032416644,0.11335123616678781,0.040632509013255165,0.0,0.02,0.06982319739850966,0.09814651844968451,0.07941050063195738,0.088609226745979,,
0,0.5378767134519609,0.5191050809191883,0.5191050809191883,0.43545479868423403,0.396577303867759,0.4139631163948789,0.875,0.62,0.7013601027293657,0.7850470487093549,0.4435872841533538,0.5213107024733943,,
1,0.37388090590810846,0.433940064250424,0.433940064250424,0.38302738765311467,0.4269296662384183,0.3883625928657425,1.0,0.47,0.4719958245013319,0.4178095455699321,0.4238065828248128,0.6676540640310646,,
1,0.5615656951259893,0.500456954457416,0.500456954457416,0.5166048385663746,0.4337204724322965,0.4645371967346947,0.7142857142857143,0.53,0.3702675641453149,0.43287080290648816,0.3754925920780387,0.5226433276863688,,
0,0.13205956752355516,0.14077049498272387,0.14077049498272387,0.17997360371869417,0.2169226883250548,0.21880841527308723,0.0,0.1,0.1557459939708995,0.07703365609715752,0.19094132023848415,0.09090972432292677,,
0,0.6432461299694151,0.6940539398791518,0.6940539398791518,0.6223644016766886,0.5064680069663111,0.5253631458718637,0.2,0.5,0.47330680771651,0.5262076389584873,0.5012549716510862,0.5416634720389246,,
0,0.7650403258049979,0.6129122043472641,0.7339337637717789,0.6767140781248248,0.5670549404329382,0.6162506987959481,1.0,0.85,0.802870996527812,0.874686006932952,0.649112320379615,0.7396899427121033,,
0,0.0970443338456445,0.10224927750079808,0.10224927750079808,0.11797630613875584,0.131596904570964,0.10509517580131202,0.2857142857142857,0.21,0.2396603658356336,0.21839312729865185,0.14268550205505287,0.0725851416160765,,
0,0.190233414271487,0.19852082322678308,0.19852082322678308,0.2415551099760995,0.2809911440348197,0.2532670142609314,0.6,0.18,0.13876066097265427,0.11185199592437589,0.22328942865949128,0.16245503619273155,,
0,0.22092405169141519,0.3146554612379966,0.2327418493341212,0.257117744701456,0.3254225432707443,0.23542237555314083,0.25,0.24,0.22053134577998168,0.2464477918767339,0.2458827790986877,0.2087083083519864,,
0,0.5940062240046747,0.5031918023688422,0.5649631298296022,0.4610182378273212,0.46718160707388406,0.4434530347792273,0.0,0.26,0.33070102834209564,0.4691726045120091,0.3485627247414936,0.38342700360040977,0.3929701080135211,0.3239480215911531
1,0.5399057181577501,0.5847685845881262,0.5920819220783539,0.49454458215299,0.543104739382379,0.5306607427184549,0.2222222222222222,0.51,0.5638865380704888,0.5893201352497792,0.5147543386372677,0.5802125376431537,,
0,0.21684020613718386,0.2479201650970472,0.2479201650970472,0.2538527457247004,0.3233660758397524,0.3179982606304868,0.2,0.3,0.35178787042235926,0.284685262596182,0.2037866405187029,0.2197736215543046,,
0,0.03546222656833703,0.029819084590671015,0.029819084590671015,0.052822884595951594,0.054968791154460635,0.0392920194540034,0.0,0.02,0.13483080866042843,0.10467420849048595,0.10305376954532017,0.07333413488797268,,
0,0.161917380533277,0.07496853582310042,0.14729744227635733,0.1954000531543556,0.1750775597040901,0.16000163377640625,0.0,0.09,0.11287990017927331,0.1547679468114176,0.18528135663176584,0.19412386331990833,,
0,0.47727502726734355,0.4969747438545461,0.4969747438545461,0.47138057637163877,0.47626684733171043,0.47651269303004457,0.42857142857142855,0.81,0.7221597048681148,0.7690809430705233,0.5823512741928173,0.5068923218268439,,
0,0.2233547628792681,0.2663310896211731,0.22073608379179932,0.2677255376800339,0.313532016236941,0.23769306944507643,0.25,0.26,0.26513126490488664,0.2870638133661186,0.24659851260200202,0.3235228323217176,,
0,0.33902819393247385,0.44788211283556817,0.46375647396230324,0.39888537731085844,0.42910761565304184,0.37837130067165264,0.8,0.61,0.5697312239836615,0.5643948853704845,0.4176119414832368,0.6123309943130869,,
1,0.610046237312221,0.5989893143689728,0.5989893143689728,0.5841490437615376,0.5359725978972717,0.531312170460515,0.2,0.54,0.496404435165228,0.4528912177931405,0.3041167863302886,0.3497996344439827,,
1,0.27477855343604923,0.2389047772269689,0.2389047772269689,0.29852904457111534,0.2879982923640415,0.29037863655679574,0.0,0.24,0.24272080483175573,0.14939857774489715,0.22508700379879695,0.43107610812620245,,
1,0.43536364797160754,0.49909749742210185,0.4377704052291229,0.44945611298399873,0.45490847964669123,0.4549526786032102,0.16666666666666666,0.25,0.32887133073577185,0.26645827670981465,0.31082242178455727,0.3215210021217035,,
1,0.2981541912472927,0.29208824480347595,0.32335473726959124,0.2911999051403135,0.30491817452020814,0.304200999737918,0.0,0.13,0.26603637366246863,0.28837716436643523,0.27018242450272667,0.16992011495929155,,
0,0.818718691247334,0.8128909799714148,0.8128909799714148,0.7736911509622664,0.7864703080395862,0.7893174304419501,0.42857142857142855,0.63,0.6242926489767274,0.6033471056797926,0.6997661953310705,0.5378057635528865,,
0,0.17933091840471957,0.17803435356089653,0.16744736658338208,0.21910599678890236,0.2049457968844457,0.21217654884720388,0.0,0.29,0.23899174874899673,0.25584302624802546,0.26320595659636276,0.21685990878573247,,
0,0.7770208971493198,0.7653902994603224,0.7653902994603224,0.6875275500603645,0.5825130570639411,0.5847625771805879,1.0,0.84,0.6100883823417679,0.7537958238553446,0.6077679736078352,0.5349363472059777,,
1,0.6694150298045249,0.6725356871774518,0.6725356871774518,0.5728074798915257,0.5684276425073541,0.5574468845624507,0.0,0.41,0.3572327513234294,0.3895100429280976,0.37186032418010895,0.17549931032300223,,
1,0.12811829811709108,0.11003095272135134,0.11003095272135134,0.1543339503403684,0.13458524020803356,0.13691839032061232,0.0,0.32,0.16879180471721958,0.19583360713480852,0.14375839737913862,0.11436750890907885,,
1,0.49648577693740875,0.5951950490287835,0.5951950490287835,0.4869803668118262,0.5078427419352096,0.5010133325172968,0.625,0.61,0.6302388548798633,0.6073862302982544,0.5374050057068867,0.49349619574359216,,
1,0.20654536430007767,0.27965377898734484,0.22501001567855325,0.229279006052157,0.26968746394072585,0.25534930035893316,0.6666666666666666,0.23,0.19433457770391538,0.16598653538790506,0.1750121877270296,0.08542275827486834,,
0,0.13855332024158754,0.16277937487035193,0.13663512236196976,0.183390489233613,0.1837795530576775,0.1848989454324412,0.5,0.4,0.4063411542031419,0.3124621276413229,0.26534393703468406,0.29236177253722934,,
0,0.032704746185178796,0.0326491111295293,0.0326491111295293,0.05350444874159794,0.04420982631109475,0.043361411515725,0.0,0.01,0.05799759567658231,0.05188439746433984,0.08382454911658722,0.04314675537702063,,
0,0.10506014963342357,0.09108265795121458,0.09826730226933758,0.14022135308154024,0.11796255941966408,0.13030205635079042,0.0,0.0,0.04878690067828257,0.07960463964294054,0.1421569724084737,0.08859740206605182,,
0,0.041557130958035565,0.04353613108439798,0.04353613108439798,0.0934416280419595,0.10455082466933883,0.097667614408825,0.0,0.0,0.0744627651330771,0.06658698307465427,0.11622932434665212,0.11463696353083977,,
0,0.2145109103707703,0.22804086964953263,0.22804086964953263,0.26005155314980866,0.2645700062512669,0.2624654837640083,0.14285714285714285,0.21,0.25253019882890887,0.23344597401177697,0.3784071590694584,0.23206576114287572,,
1,0.5794992283454732,0.5718340718013045,0.600206377996771,0.5587636481995222,0.5732111407533707,0.5726129554011274,1.0,0.74,0.631212278947054,0.6406974667439985,0.4348981361363762,0.528186206338879,,
0,0.08737186488596342,0.0782805965031813,0.0782805965031813,0.1544214897057765,0.15575019125463366,0.14969817740226632,0.0,0.04,0.10276169609733966,0.0866796546260873,0.169295474575098,0.13170702810440135,,
0,0.06384083372908757,0.07016810087863065,0.0690665144067787,0.09739689252617421,0.07981012516694286,0.09099999629069398,0.2,0.1,0.03201735103994214,0.07213382285824758,0.11739798582350496,0.04749368163744123,,
1,0.2949744138014963,0.3037059450625904,0.3037059450625904,0.3108675844845984,0.3070706315789995,0.3074535454712093,0.0,0.26,0.26687925086763437,0.20555841557451013,0.23843289816990748,0.2565762785508519,,
0,0.1315851346279022,0.17642581785391084,0.1435739398979227,0.20661825928133648,0.23315395856636076,0.24315632599405537,0.75,0.21,0.24303151257742922,0.2680232080706598,0.2763453504839014,0.3104887856827053,0.24566321695362886,0.3037307845761683
0,0.3505908957489281,0.3622878529671194,0.4022408305459396,0.32514389597543564,0.37717385301667133,0.3610544816498119,0.5,0.35,0.40832062233965283,0.352843125903756,0.4274298033208382,0.5045815068588133,0.41094178731412045,0.3859342559377147
0,0.4614466101543726,0.48854496548200826,0.48854496548200826,0.4102476387445368,0.48324954315182994,0.4577012406518266,1.0,0.69,0.518592267477099,0.5155417808452589,0.4347603582974805,0.3920127587042054,,
0,0.12347896443587529,0.12278847959490556,0.11533767933859194,0.1907995963377838,0.19954569045252654,0.1902953501576865,0.0,0.29,0.29382959575713,0.28071984027977775,0.23374901151745342,0.3300576797310562,,
0,0.26812784674071766,0.2197020368209653,0.20903723644815367,0.29878089197455976,0.24155898360063424,0.2571413147551696,0.0,0.25,0.2119253152909034,0.25882015153869387,0.2406717411193751,0.3004195910090786,0.15921287705961298,0.1192029220221176
0,0.6956438953547616,0.7206208026447061,0.7206208026447061,0.6238773085460364,0.5560412474616757,0.558311811389745,1.0,0.83,0.6100883823417679,0.7537958238553446,0.6077679736078352,0.5349363472059777,,
0,0.5799610512016727,0.5775583094083585,0.5775583094083585,0.5061628304164136,0.4255480700311594,0.42897429847861157,0.625,0.46,0.4211333305188707,0.3838128988140585,0.6278961504320517,0.6624522888292256,,
0,0.5992670238541313,0.7043540963540275,0.640131965073055,0.5725448406005298,0.5814386040010849,0.5691551156647685,1.0,0.63,0.6716442771737308,0.6299582826773601,0.6151232196943305,0.5741011182698339,0.4939578461142008,0.6579167095102633
0,0.4088537010543539,0.4451513188766317,0.4146028227514652,0.38904138511751807,0.4332866886372274,0.421942508430091,1.0,0.41,0.3090755239714568,0.36913334438539946,0.2614791525138898,0.3504269746489501,,
1,0.47369849485725224,0.5337414237551799,0.4900272151799832,0.4535433491826793,0.4602650289273165,0.4539640032847296,0.7777777777777778,0.55,0.507189063387784,0.568958119889952,0.6680498878891237,0.6321045307213156,,
0,0.12722095311890394,0.12543656920647633,0.12543656920647633,0.16866190601127887,0.2686401809537018,0.25480875778026035,0.0,0.3,0.25253019882890887,0.22511922090421008,0.3013584306418464,0.2166530354482862,,
0,0.1767709506067482,0.20591332712746452,0.20591332712746452,0.19121797497014661,0.2693767781146488,0.2503225546465916,0.4,0.19,0.2576531513220689,0.17444385081210897,0.2935333801809582,0.25941467830227366,,
0,0.04879585291078682,0.039347779836984155,0.04159186485990865,0.08183023520643724,0.05399006751277984,0.0642073894831575,0.0,0.0,0.03171428280653202,0.07213382285824758,0.10263560507612125,0.05859230715897453,,
1,0.708952219095888,0.717894943966294,0.717894943966294,0.6441761040211571,0.49891021252546935,0.5123069395439606,0.0,0.47,0.4588294371686027,0.4280671109790641,0.6278961504320517,0.6316241598240229,,
1,0.24941811616359347,0.19738673128576653,0.19738673128576653,0.2520919726761492,0.24877204051208904,0.2488474380161899,0.8333333333333334,0.24,0.24183157154535276,0.2516477289268185,0.21324821470864858,0.1644215191017395,,
0,0.08025392476235058,0.07154331818609597,0.07154331818609597,0.11019620656459563,0.1654544643870333,0.16160070069506668,0.0,0.14,0.13748966323375728,0.05968712864152648,0.2630658589658119,0.1822403590951418,,
0,0.02222101253209609,0.02586615627657586,0.028256426587195464,0.04784250709003134,0.03589103667673712,0.047077485637576,0.0,0.02,0.04509624211751114,0.06149641883496257,0.12286139458766822,0.11732323094870392,,
0,0.6095431334938419,0.5288232813034126,0.5288232813034126,0.5906567475413869,0.5661006177817417,0.5765773535570888,0.16666666666666666,0.61,0.5637885761266006,0.4769171510862694,0.6432668545244866,0.6933214326434498,,
0,0.047882935287062126,0.03621576298357693,0.04252474890871173,0.07738974826325791,0.05514735569445696,0.06477231200047338,0.0,0.0,0.05056164523666373,0.07213382285824758,0.10263560507612125,0.08419019121878084,,
1,0.30371745918418996,0.4019875699096956,0.41958978576415285,0.3828483634336971,0.4096774678329601,0.35216627755483315,0.4,0.44,0.4571627171667714,0.42780941594583693,0.3865866594821487,0.5346658791490585,,
0,0.46041244875290244,0.4450188271811632,0.4450188271811632,0.44758539525371926,0.43659136952301186,0.43162551545925837,0.5714285714285714,0.47,0.4588294371686027,0.4165709098827444,0.5275118883812434,0.5073234874641174,,
1,0.6242354798315201,0.5954986748694137,0.5954986748694137,0.5905802902822715,0.5500368072089448,0.5971853482518408,0.2,0.44,0.3465748316522579,0.3461716872940191,0.47021717121195883,0.3482205386354272,,
0,0.4635506948099653,0.44347185842504566,0.5427667450596535,0.3877088291088271,0.3958098086929672,0.3911682923167152,0.0,0.31,0.40832062233965283,0.352843125903756,0.4274298033208382,0.5459933835321615,0.41094178731412045,0.3820680936432538
0,0.30477206414882374,0.2837112903383219,0.2837112903383219,0.3176842843263615,0.3056497735921799,0.30841890675077277,0.8888888888888888,0.34,0.28220320724310366,0.31116228769514725,0.3412339396901714,0.3334772408446279,,
1,0.44899408076680536,0.33553219516152216,0.48929390935043177,0.4257827891185957,0.36095287990539926,0.4386400742588052,0.6,0.46,0.6138346620305012,0.6063747736819823,0.7493535157747454,0.6493201895199352,,
1,0.27406251322373926,0.305066261698278,0.305066261698278,0.3313065926123178,0.3685620691259823,0.36016581548974425,0.16666666666666666,0.48,0.5288221040473514,0.595409509589071,0.5340071824534891,0.6039776292471447,,
1,0.621138977476562,0.6355664628741236,0.6355664628741236,0.5617766592678742,0.5404367462079507,0.5279643627703277,0.3333333333333333,0.62,0.57312607605757,0.6425113781917966,0.49220364161467833,0.5108979770539311,,
1,0.7133589294876921,0.6401305505626133,0.6260900893332295,0.6366503199461132,0.6551970094814652,0.6248209604002632,1.0,0.61,0.6211065995804571,0.6555088609081031,0.6260156542545098,0.6726420716365888,,
1,0.4582553976642724,0.5534132209719551,0.47765619006441346,0.4236324437182331,0.482797668568479,0.46084218583258785,0.0,0.45,0.5234600843356719,0.5694671081754092,0.4259213466263886,0.4741075529022939,,
0,0.646302486547293,0.6829118930834135,0.6829118930834135,0.5896510576720839,0.5890387071325625,0.5958259413200248,1.0,0.67,0.6265070428296003,0.6070990979715839,0.5989440828351354,0.5893616601534897,,
1,0.3378085792124004,0.3794343015211569,0.3794343015211569,0.3445773913626722,0.3860811932338198,0.3745291664401843,0.8333333333333334,0.32,0.4337088309917644,0.34856446554455267,0.37119007500874246,0.3086500781538544,,
0,0.09126761318997093,0.09640944330544801,0.09640944330544801,0.13031408692383153,0.1561335937807801,0.1568952305533782,0.0,0.17,0.16762051049201296,0.175807095965272,0.17894621467134464,0.09689319120671167,,
0,0.10363108710256268,0.0942875385643514,0.0942875385643514,0.1514787206880456,0.14682295661766648,0.14992233954786616,1.0,0.14,0.11269059278442284,0.16011329310033978,0.24354454549789936,0.20847382230293743,,
1,0.5226529659063397,0.6084403366576981,0.5774879850053578,0.5030547706188381,0.4980065306275054,0.5273708428532118,1.0,0.41,0.5451639645894992,0.5147969384764882,0.3996579208684629,0.4803138880750607,,
0,0.3681320653492548,0.42016898055913743,0.42016898055913743,0.37075121143134365,0.40724148028918433,0.39669725411004525,0.4444444444444444,0.45,0.4243824743122424,0.3094144093463739,0.34887067429798263,0.24407247593623593,,
0,0.6127542303468949,0.5810898550724823,0.5810898550724823,0.5582532462155462,0.5285029828684755,0.5461932869584358,1.0,0.84,0.5777361950507593,0.6643428591192155,0.5792389704760327,0.554245188327563,,
0,0.12248426551096152,0.11828407809916057,0.12061918953087755,0.15677450489991668,0.15702743573724595,0.15231301743409134,0.0,0.03,0.1099585816915374,0.09556443611543777,0.15986277221001452,0.09625657512787912,,
0,0.04558550754363219,0.0449369865071478,0.047900539775767075,0.0736687649279036,0.0578587057294343,0.06822894869100707,0.0,0.0,0.03871498119969447,0.07213382285824758,0.10263560507612125,0.05176428185966362,,
1,0.32228811194249074,0.3337739106851587,0.3337739106851587,0.33198147139931283,0.29973739934607746,0.3078428643017427,0.4,0.36,0.606642155862831,0.6217973155485526,0.4893359030452117,0.49065249698705454,,
0,0.46689365018924367,0.4930818470702162,0.4930818470702162,0.4442477009690079,0.44860321561136723,0.45055270393079505,0.6666666666666666,0.4,0.4222526716776944,0.3016890134771871,0.3823854912390304,0.4012906002198131,,
0,0.242936256818626,0.1815543611304941,0.1815543611304941,0.31627682522623823,0.2679946150275654,0.27543895381635064,0.0,0.35,0.3071850490097938,0.38801881575645925,0.5258420105813316,0.4150892412356352,,
1,0.43815111936976475,0.2711133727863567,0.5065173421404101,0.44327416232677885,0.3878270639530644,0.4487297914985969,0.25,0.59,0.3960168580806558,0.39496741798189644,0.5480593029908114,0.631890004349895,,
1,0.703964060690265,0.7552298409676237,0.7069236364310071,0.6249346645642105,0.6326076271814404,0.636914474302277,0.6,0.51,0.545685641752877,0.5680055779790987,0.47087616202376814,0.47713536344972407,,
0,0.20473510433662656,0.20605385424661896,0.18272206144613362,0.21580015662738566,0.23841220609051714,0.23395847459202954,0.1111111111111111,0.31,0.28178901194316963,0.3776368013271316,0.24691252282954235,0.25092280437044323,,
1,0.5651499483163871,0.5431367236353115,0.5431367236353115,0.47312131746360353,0.4528529884932292,0.4506059427324237,0.6,0.44,0.3165181438558498,0.304189196034816,0.3774279913346784,0.24152185545077065,,
0,0.5567483549258697,0.5133779795680995,0.5381646592323621,0.513004883546451,0.5253990900272599,0.5165511776410955,1.0,0.57,0.5542037105422809,0.542899520424669,0.5034737369714833,0.49110617470279333,,
0,0.34975608882722653,0.3227530897145,0.3227530897145,0.36072123075688706,0.35875860730633025,0.3564665427206606,0.0,0.38,0.4165396896779055,0.35391892803715835,0.5597398499805215,0.6743426942805105,,
1,0.7095691694093784,0.7538721538872065,0.7538721538872065,0.6007910792011651,0.5888398385641461,0.6048976463689474,0.8,0.58,0.4882234196893481,0.4714642024489561,0.47968440433097476,0.49070420199040277,,
0,0.42177025557543724,0.38127759767435365,0.38127759767435365,0.4441608816634555,0.398487459611581,0.4073146028023035,0.7142857142857143,0.14,0.3154500907808782,0.3036182794070437,0.5157129297873408,0.645723564318854,,
0,0.08318353878112071,0.07556592189181752,0.07556592189181752,0.13150902535506817,0.13365846914434268,0.13366761390098625,0.0,0.06,0.11644016273200532,0.1058256753161599,0.16747119760846982,0.21246877548635149,,
1,0.4005829730627345,0.32179896027961225,0.32179896027961225,0.38076106672705057,0.3607828466612684,0.3788125416529603,0.5,0.48,0.3937175710669782,0.3493989252912102,0.3923587331158372,0.2796229982760501,,
0,0.6729050225127734,0.618556181745857,0.618556181745857,0.6098222274790581,0.4735899086886888,0.49521323909824,0.8,0.76,0.47330680771651,0.5262076389584873,0.4560143674818961,0.47846706276795714,,
0,0.6493061468909468,0.5976661114472799,0.5976661114472799,0.5533295881705124,0.48407840801679963,0.5234210277969981,0.8888888888888888,0.52,0.5753770131714517,0.6227884160686535,0.5241870918628436,0.5611582874815446,,
1,0.7844327736763737,0.7018400663368487,0.7356502048989103,0.7141156023163782,0.6705968146350669,0.6688454301437309,1.0,0.74,0.679048604205109,0.7497392750994192,0.5540185281185367,0.5995824447469015,,
1,0.4002806735896158,0.5605534066560276,0.5605534066560276,0.44662143369661145,0.4732124476382764,0.4549030540222895,0.2857142857142857,0.32,0.37351270432498074,0.38451272415244464,0.5837961901603536,0.4385578127337703,,
0,0.4652201726625234,0.4578945393008661,0.49308638309491887,0.4262264738609894,0.436249192014754,0.42807865626697383,0.2,0.33,0.35138417264831007,0.32541835783407286,0.3163494605777219,0.3212335979657688,0.4000562497358531,0.40282124759417876
1,0.6070506745665861,0.5514672058977532,0.5907610852196408,0.5526166890532698,0.4857296836909833,0.5834797421621939,1.0,0.6,0.5742419433602798,0.5020930148848581,0.44913914504971647,0.6118121296822171,,
0,0.4581267766196739,0.49538424629189426,0.49538424629189426,0.47320893297206496,0.4540827992586332,0.4580172040907259,0.7142857142857143,0.48,0.3579834326255844,0.3955449352025964,0.4496697469660049,0.49215489422682235,,
1,0.03374899256540581,0.027094649754434142,0.03370027123164772,0.05847174789109543,0.04030169077017962,0.048640922636656335,0.0,0.01,0.038954601721275746,0.06371239953614989,0.09113417265507354,0.06748386977947066,,
0,0.15778326430528058,0.14687929761224375,0.14687929761224375,0.1782370889043264,0.17225420447952017,0.16119000172841463,0.0,0.11,0.22656418417448126,0.19459254954465438,0.18080479793556034,0.05798775812017677,,
0,0.447556388723022,0.4295298310563687,0.4295298310563687,0.37651339735587014,0.4393349757967017,0.42116905860729703,1.0,0.38,0.4671507573444187,0.4731427197111255,0.2777496559156749,0.26554372273920074,,
0,0.42049340743649843,0.42982822473581517,0.42982822473581517,0.41040207493374814,0.35659181624996594,0.3734175885388946,0.5714285714285714,0.36,0.4597424363915513,0.3361071256351762,0.40034778561573703,0.39045976669253424,,
1,0.5755618667926358,0.5597935344312605,0.5338588008570613,0.5293456906267098,0.5189217562214457,0.5143825965410578,1.0,0.63,0.679048604205109,0.7215170554938762,0.5324920541617345,0.49572526736291533,,
0,0.03214055782181342,0.05802516148081794,0.027620731231661234,0.055593678536566084,0.11431092303774233,0.036158622403415726,0.0,0.06,0.05559225220229971,0.09180320734467641,0.05262216025787474,0.10742564063204162,,
0,0.06123839086290936,0.05214604417416994,0.06475043953042607,0.08795254657336943,0.07049752622694369,0.07978657088657835,0.0,0.14,0.07299253927047639,0.08757194920678021,0.10263560507612125,0.07345671136203873,,
0,0.5655356697127114,0.5656706266397719,0.5656706266397719,0.5043365181616191,0.49964006171425696,0.5019450435129554,0.375,0.68,0.5934038442329731,0.586129999552597,0.5458025378841919,0.5388064173908151,,
0,0.14051705490288197,0.11907348661345736,0.12876901859247758,0.16836512779919938,0.1527522490059239,0.15222810839417625,0.0,0.01,0.12640354356763656,0.0875393783298816,0.19370749764644185,0.08728861868117661,,
1,0.6774547292296152,0.6548277563264389,0.6464265084564672,0.6142151136479491,0.5866418146088586,0.5820866639383698,0.0,0.23,0.361297666308116,0.3420642019283475,0.29005382012799397,0.2775044170887362,,
1,0.3969621971697983,0.42492593323637157,0.42492593323637157,0.41162658993307844,0.44479476924026684,0.4285896677389228,0.42857142857142855,0.22,0.41932535169941854,0.30496329557966584,0.37323644290132973,0.45325240546880224,,
1,0.1802221014091422,0.2720005268771187,0.17375972418541938,0.24946271362232422,0.2816578256110369,0.27288037353072575,0.0,0.51,0.3589234876656783,0.40751618841764714,0.28876929791449507,0.42691314580907924,,
0,0.14933499445814277,0.15286087722121147,0.161323693517566,0.19340098865090077,0.18495699018552794,0.19782108615069754,0.0,0.15,0.23243303994069583,0.26831461406055557,0.26539700662001997,0.22790159393854284,,
0,0.34881127814653246,0.30018467651096636,0.330315362813483,0.34915590218160636,0.3276916976503005,0.33367303520858077,0.0,0.34,0.2660694160008194,0.3064462641698739,0.3007441027305634,0.18910313159778977,,
1,0.1458249334622055,0.17587686142651804,0.17587686142651804,0.16480074773407408,0.18178489378966248,0.17109703153363573,0.0,0.11,0.40095423677759906,0.22286237302728276,0.2522296176439241,0.23575147487878495,,
1,0.6048614154545677,0.607274030644322,0.6088351310756565,0.5722888468808623,0.5829596938140246,0.574038448645078,0.5555555555555556,0.6,0.6127557078682806,0.6820884627713126,0.7153052390004054,0.7365881805883308,,
1,0.6984072037890784,0.6641300505173946,0.7118836979095812,0.6350782204998031,0.6209857261356562,0.6357894972024173,1.0,0.7,0.5543656543837318,0.5939445466688387,0.6064264869562597,0.5758985693663448,,
0,0.38044986793493396,0.3619410410583724,0.3619410410583724,0.375627608173796,0.3482005670713238,0.3637374057166616,0.8,0.42,0.25586208952287653,0.2615521298103272,0.3004662853008482,0.2511612901049304,,
0,0.03682624555428334,0.05253495971069164,0.03307892657225927,0.056848557043056795,0.11105997409879825,0.04221541462890871,0.2,0.34,0.1085136190335347,0.1306976935764562,0.12994221820174215,0.21072460853165026,,
0,0.045740032528754845,0.046686613420594957,0.046686613420594957,0.07353892074940255,0.13380431950683283,0.13457223731857232,0.0,0.0,0.10976433361647259,0.09726559272751684,0.11358331594126586,0.08969186717787815,,
1,0.1393350992522816,0.1419576353472857,0.15049092332583933,0.16830685472925122,0.14147205968802135,0.1506213831203041,0.0,0.37,0.13353537818904931,0.14975493759711692,0.19855094325590625,0.46138902526354214,,
0,0.19297468306078022,0.17010426672820222,0.17010426672820222,0.2131882885424811,0.2098303229966742,0.19895366704624565,0.2222222222222222,0.33,0.25586208952287653,0.24943619735259367,0.2048408799231304,0.1368434880478055,,
1,0.5645080176189534,0.38099211625520873,0.5294381432660665,0.5038909277925607,0.4509783168143392,0.44966462668036594,1.0,0.51,0.32689114408585995,0.3622663335952336,0.2891437163372581,0.31805799219311165,,
0,0.03190919851688744,0.04204885547813479,0.03687437296909973,0.07598579399240718,0.09658870550226978,0.08706344971767858,0.0,0.26,0.1628170135447716,0.19148370320888383,0.15846251537282388,0.19626187117794766,,
1,0.743638871559533,0.7622574994911975,0.7622574994911975,0.6878768316630648,0.5409553014350441,0.6107103247543576,0.875,0.59,0.8075477442651748,0.7208940382887115,0.6955803708808168,0.3522227377727086,,
0,0.06969685851112882,0.06390604208104629,0.06390604208104629,0.09059509432815709,0.08947306194364615,0.0750598866224068,0.0,0.02,0.13483080866042843,0.11422945885299973,0.12169193326557103,0.038553025398209956,,
0,0.03256368845012442,0.06000838377823444,0.04122372462278506,0.060483367973461204,0.12619869937958333,0.04373605823079716,0.0,0.02,0.06543442537943865,0.09814651844968451,0.059152897328651685,0.08021749507076632,,
0,0.030816444799564864,0.03195970730437996,0.03195970730437996,0.06211391621368066,0.08941285362678447,0.09005313785778331,0.0,0.0,0.07495908860471145,0.03993220077625072,0.13447341699763282,0.05903043504651208,,
0,0.04800602259658944,0.05276897189821988,0.04924262984095408,0.07504561992952391,0.121729731145956,0.05651327900861404,0.0,0.01,0.07788917574152543,0.1106761484521898,0.08594790952500456,0.13342421486118566,,
1,0.1336814515597973,0.1782003845828715,0.13516195251747723,0.17808272796439142,0.20389848909114042,0.18999414584025012,0.2857142857142857,0.2,0.16244434809655842,0.13650005875912535,0.16265680934096502,0.10130598065466588,,
0,0.019476460006962758,0.021080390504692025,0.018387982782447743,0.04525722896186184,0.05317046495736115,0.046264873926008164,0.0,0.01,0.054956900707093394,0.05549262883139566,0.11734468462648909,0.04704793995774495,,
0,0.08091629327722497,0.07428760029777307,0.07428760029777307,0.10202672441166608,0.09115284613647939,0.09138476484996788,0.0,0.26,0.24340825903845456,0.118060080495117,0.26763882529520533,0.1819589619240151,,
0,0.1628442048455379,0.1696067788817105,0.1696067788817105,0.18232096923321756,0.20801724319918874,0.17988678195054736,0.5555555555555556,0.34,0.2055151999689004,0.17140101032554048,0.2030342689306491,0.09551973853997009,,
1,0.7858870855007745,0.779880754966561,0.779880754966561,0.7258277769286322,0.7523299422455516,0.7535911865870549,1.0,0.75,0.7613019010506473,0.7116764061021753,0.6833354760927673,0.6936485035943156,,
0,0.18860620400939015,0.2419737564616822,0.1932901758638501,0.23568156611624771,0.25067336954623975,0.2494557635923933,0.6666666666666666,0.36,0.22389901739428153,0.18263265737575288,0.3290015164084178,0.37718903144862487,,
1,0.18084060674269364,0.18197073731673036,0.20360288019724032,0.21056422124739163,0.229353915613956,0.22342949116423513,0.0,0.18,0.1282886932539256,0.1215664556123658,0.1338674046553104,0.10366284738839172,,
0,0.10908242032225846,0.09086812699145869,0.09712744961377234,0.1319691589454655,0.11404282793946122,0.12399904027064954,0.0,0.25,0.2439267507579586,0.16601153447175687,0.2906494573073423,0.35181397518861784,,
0,0.04646486993429863,0.0416705156627804,0.0416705156627804,0.07806959770523171,0.12923926286806953,0.12787975691011444,0.0,0.01,0.10976433361647259,0.09726559272751684,0.11358331594126586,0.10400445011897581,,
1,0.41135571875862453,0.45278836695085567,0.43619656872464185,0.4067642158759949,0.41553128878389994,0.4156068328391234,0.0,0.27,0.38156180079188357,0.33209839189665646,0.33791777121999217,0.5311043794975594,,
0,0.3446589539224246,0.32883749899073067,0.32883749899073067,0.3827622682621973,0.3563156685197668,0.3591346862933448,0.0,0.53,0.4302802811669543,0.36687969496202194,0.5906970709432438,0.6028040174817445,,
0,0.3771162075378216,0.3596871440128827,0.3596871440128827,0.3659171894367166,0.3750488422963669,0.36794806704490257,0.0,0.28,0.2689373511018329,0.20665214781585253,0.24057758487797948,0.30558434129115275,,
1,0.15237209574591173,0.12700337244380283,0.1691271283813777,0.19793747606412893,0.21678357168249626,0.1654531558115115,0.0,0.19,0.22081551716639142,0.26946883118325765,0.19359690804659577,0.31577329157152195,,
0,0.17941224802432953,0.19563497857825762,0.23690062888223754,0.2501089491487035,0.2671517163985596,0.2701235238576019,1.0,0.33,0.3339555650041845,0.35326685731445834,0.3836682553504235,0.35301586949647173,,
1,0.7509346793168588,0.7589931225897513,0.7794644062970171,0.6488599935488478,0.7190114418881518,0.6849943481228881,1.0,0.67,0.5832721680309847,0.5887094769096931,0.5133825545183417,0.47204086371444137,,
0,0.056013656371833816,0.07030462974357336,0.07615376277151102,0.10860039442982382,0.15507174205521204,0.1608251006757031,0.0,0.05,0.1852884103137451,0.2680232080706598,0.2105731803442291,0.1433585888543936,0.190323298668512,0.2592725270096037
0,0.17743238422337482,0.2208265360653059,0.18119033369668333,0.23229602540586541,0.27367513395179005,0.25319150504730303,0.0,0.12,0.20094164016146568,0.16598653538790506,0.19807859250297072,0.10928855386192875,,
0,0.720373026991235,0.7347108180382432,0.7347108180382432,0.668039014462228,0.5233338870248896,0.5497115532119023,0.4,0.59,0.5104325860978453,0.44986178191433546,0.5511512949759878,0.5498124590294801,,
1,0.33653270076859426,0.3415255928146336,0.3415255928146336,0.33261054866144485,0.3659744460713332,0.353393561239508,1.0,0.52,0.6376103805922387,0.7705753665326324,0.5542586910813745,0.6887015745603327,,
0,0.12105999740110016,0.12461667739755898,0.11323759147099983,0.18154939875609455,0.20731796046034695,0.20967510461884,0.0,0.21,0.19989299133536637,0.2680232080706598,0.243214409649071,0.2555922423929314,0.24566321695362886,0.21698514515331754
0,0.2486849264342319,0.28453226101099033,0.28453226101099033,0.27020055983098135,0.2843936381884323,0.2636893759314534,0.0,0.13,0.28521972891360337,0.23657735041799385,0.22874314022127887,0.1231066381922686,,
1,0.5267644986951703,0.472084604566061,0.472084604566061,0.508411331327197,0.5174034756785669,0.5158864999247597,0.75,0.65,0.5690625315131649,0.6134301841143812,0.5791658637612971,0.6658146488302136,,
0,0.24003104041455836,0.3584055591514919,0.26676641631767606,0.26820973559219463,0.3364908445128378,0.2444027379743987,1.0,0.43,0.36161498063048175,0.42404869871111217,0.2205242835293313,0.555870275884754,,
1,0.4018240526638041,0.4226725847451854,0.4226725847451854,0.4005679826592704,0.42842724559160955,0.41594598438668356,0.8,0.36,0.3488516422289239,0.16295967433061326,0.4473582018150251,0.29995066736444337,,
0,0.13197585749228063,0.1712185483341294,0.16345877702414816,0.1957072950785433,0.23148479442688213,0.15647098012232452,0.375,0.28,0.17859843535718511,0.2401090659268979,0.2340401405506361,0.2660475960378463,,
0,0.35364569651798505,0.3074775669572466,0.28082517022866627,0.4054987147552979,0.35218454837129387,0.35356100776922905,0.0,0.31,0.2732532032208848,0.30065822470031456,0.47804722343397504,0.13413099371482567,,
0,0.2515540471112112,0.2628630642345812,0.2628630642345812,0.2603317769624349,0.2787522179001653,0.27069302268115736,0.0,0.21,0.2845507306766716,0.13251023843915774,0.2976529554153206,0.34308633531584826,,
0,0.19737588619958377,0.17843843658609587,0.1950721331230956,0.223427603971395,0.19725719761650162,0.20624063982383511,0.0,0.1,0.1390272954302915,0.158218156429558,0.14568335336489088,0.1266748352374134,,
0,0.053650285457260256,0.07152241595054384,0.06169269999025663,0.09482443389654317,0.11554995491427224,0.10608421803810184,0.6,0.21,0.13227886162702435,0.1485156264516578,0.1418134010807921,0.09249541067261606,,
1,0.7898353742298845,0.7902762413216627,0.7918574555620037,0.6970147333536368,0.6263144834853029,0.619724357991527,0.625,0.74,0.6716442771737308,0.6299582826773601,0.6151232196943305,0.7977323605066431,0.4939578461142008,0.6579167095102633
0,0.2877763120531468,0.2599633224492408,0.26922984053567656,0.30606081319615264,0.2777760937527423,0.28311631412404187,0.8,0.45,0.3754796060925203,0.38651335284564853,0.3579284817613585,0.5553012105261772,,
0,0.6342350340914429,0.6034544493526518,0.6238517801630282,0.5558153677771634,0.5776272164583061,0.5595127004921743,1.0,0.58,0.44621737320049626,0.4627335198190212,0.3687538506858295,0.3720862310887466,,
0,0.302560279838607,0.28658108405168553,0.29584701637084854,0.32227321259247643,0.31678143008110243,0.32448201331923604,0.3333333333333333,0.3,0.35336426575540936,0.30613021254141826,0.30455628689053693,0.2670295799030928,,
0,0.28229766993907734,0.25131813018692395,0.25131813018692395,0.3049756119415921,0.31538113766898435,0.2913800702350964,0.0,0.45,0.3937175710669782,0.3493989252912102,0.38770308649593194,0.16733728372905732,,
1,0.6963835515966622,0.725448237060238,0.7119042895363787,0.6271311502770768,0.6636735520158032,0.6441455065028576,0.16666666666666666,0.42,0.6515006596925776,0.6740204786413654,0.5301648911673288,0.5416901378137511,,
0,0.3299473506377681,0.2745100757674607,0.3364860598757556,0.30066172386159906,0.3136920106056957,0.3025882696262711,0.0,0.34,0.5067359033102007,0.44704833543422,0.3433847259048758,0.38110035870206826,,
1,0.1931147672443785,0.19998984214464466,0.19998984214464466,0.21101717035832998,0.21292089796677402,0.20295529176115873,0.2,0.24,0.34927661982271635,0.3443959328538915,0.2063418979752575,0.17328048405068708,,
0,0.46038772655549876,0.5162450760146318,0.5162450760146318,0.4367558274634096,0.5258750217651208,0.4979268230641138,0.6,0.43,0.3504688556897163,0.27887850227704325,0.2982163670502892,0.42807413290400537,,
0,0.07896553866189132,0.07066945813445054,0.07066945813445054,0.10463483155406501,0.1409506939815872,0.1430315213763239,0.0,0.01,0.10976433361647259,0.09726559272751684,0.16454568958285729,0.1564042657645718,,
0,0.1394136459607544,0.15559687960797067,0.15559687960797067,0.16032868681867385,0.16706167571661293,0.16007160857750638,0.0,0.39,0.4869634588594572,0.3744502098117572,0.26298907687724576,0.30690917845090876,,
0,0.1346701246044949,0.1401632565982122,0.1401632565982122,0.1756233283727825,0.1635421105067223,0.16010348541822822,0.0,0.2,0.24511019364713105,0.19217147579164476,0.26894440783586965,0.19364160133454655,,
0,0.022020767009608602,0.020434732968614918,0.020434732968614918,0.05070600574410683,0.1309055481140001,0.12434841095965318,0.0,0.11,0.10976433361647259,0.07894096143512584,0.13799341841424606,0.14331680494593477,,
0,0.34583699041148624,0.35692069920262914,0.35692069920262914,0.35248993972692644,0.3595243783295898,0.34484222729603337,0.625,0.18,0.3465748316522579,0.31098595920261285,0.2385685139069588,0.1270575032063699,,
1,0.7656627944335589,0.7397094715420983,0.7397094715420983,0.7091458326769037,0.7145644762971275,0.7231740345550914,0.2,0.57,0.5961796709511166,0.7094660824119635,0.6644059284815066,0.523084502922708,,
1,0.4481299588523542,0.4090727892381277,0.4262111069327703,0.47241442653768273,0.4435525971576524,0.454028306917017,0.8,0.4,0.4349710940723743,0.5703895502924308,0.5724117093829774,0.5347067069854031,,
1,0.4187854953968511,0.38665286430964996,0.38665286430964996,0.40488349351909964,0.39117376786882907,0.4016466784256147,0.0,0.32,0.37316404461357666,0.3153172345228532,0.4954044333989985,0.29744888232486355,,
0,0.5441019963052315,0.5165326906992155,0.480942186101517,0.5321158481580219,0.43934773328709853,0.5227062860333936,1.0,0.39,0.3970255592094201,0.33586835651221086,0.3520061139427609,0.48049804723407286,,
1,0.16727393759809103,0.2633241461151515,0.20650272941890302,0.25732439611361246,0.3411594225716409,0.3116877005087797,0.8,0.38,0.4093230214094674,0.3714762411293833,0.3391757705752774,0.3458798415350703,,
0,0.3915767625254702,0.40188844072182794,0.40188844072182794,0.41192882596483804,0.44860392377368785,0.44259115781512903,0.0,0.42,0.4588294371686027,0.4165709098827444,0.5275118883812434,0.48781295653734724,,
0,0.152979673848729,0.21435604690244647,0.15554592716573273,0.250121627046676,0.27446039502345565,0.2826992293675041,0.0,0.14,0.2119253152909034,0.1964321113590096,0.2406717411193751,0.15782553516501183,0.1790669385262663,0.2641302528174015
0,0.0662248698054273,0.08903156923351797,0.08277242976527799,0.1254795372312896,0.11876836098940888,0.1287493875894742,0.8333333333333334,0.23,0.1439204762647843,0.18345833598255074,0.20592459505681762,0.15442225717450264,,
0,0.30748818150294577,0.3357742047740751,0.3702053857502516,0.32239705247805167,0.32160922339755915,0.3344102177886062,0.0,0.28,0.3835715944745819,0.36749105821309735,0.3798141190620945,0.5724702846603872,0.32275613335408726,0.418304920981977
1,0.7531594116657526,0.7557669527992779,0.7557669527992779,0.6380533942870077,0.5096297543646504,0.5263665771268757,1.0,0.73,0.7017427141378189,0.7658925625362972,0.6421055435421589,0.735298727578985,,
1,0.6665583340100898,0.5620361026988104,0.6345671877736674,0.5935383115812514,0.6208452123450182,0.5921189745841356,1.0,0.74,0.7066126123877864,0.6797151372401568,0.5482180856596566,0.6210988182201699,,
0,0.041722467415095166,0.05149674479774902,0.053551371185306215,0.08268457006163821,0.08657135444711077,0.0955629975005792,0.4,0.11,0.18164056256407007,0.2312812253222087,0.15290325666827673,0.1431760578925573,,
0,0.17959484735281392,0.14267561717763272,0.15843825922900734,0.2013308709742548,0.2048906123858233,0.17718138856893645,0.0,0.2,0.14944149055858003,0.18283215361735475,0.12385268385062037,0.12963430830388675,,
1,0.505470022414806,0.41184902027536247,0.41184902027536247,0.529738177806532,0.37636423969723926,0.40771541220979257,0.0,0.31,0.2601418320454084,0.25134696756746094,0.21183142452063156,0.17886044276935614,,
1,0.4808737162180042,0.4695945701972256,0.4695945701972256,0.4523503766774094,0.4677521845951823,0.46762524521321686,0.6,0.42,0.48945105504519687,0.5047752116932046,0.47179263822597156,0.5243872730460661,,
0,0.3290352917409947,0.3463413839348093,0.37824922362981506,0.30334313718268796,0.3556046873673396,0.3375111563054455,0.4,0.38,0.3396879345444097,0.16184421656449552,0.3342547204488051,0.7804963711337338,,
1,0.35263888137197597,0.34772415873084006,0.34772415873084006,0.35186577155242815,0.363323168532664,0.3579851006790352,0.2,0.11,0.1819631528462428,0.14610631215011954,0.2188967893335365,0.17700552723045387,,
0,0.29863477104479247,0.4255657245180869,0.2707393616463034,0.31835019125463676,0.4073491537223387,0.3161642375980178,0.0,0.36,0.30191912461457443,0.3403546648335322,0.2058396765746524,0.4701012788892364,,
0,0.5978231000957531,0.5577528218896999,0.5577528218896999,0.5472919779251889,0.5490161560255692,0.5580529091805141,0.2,0.4,0.40331546799482315,0.302247670025653,0.4647256048306871,0.4935454982880726,,
0,0.2752333766910614,0.2710018013742476,0.2710018013742476,0.2857648877840623,0.2944452009762576,0.28399789064844244,0.0,0.3,0.3465748316522579,0.31098595920261285,0.2532540916397859,0.13269143499209937,,
1,0.6549425873235795,0.5577879111380714,0.5869584315682626,0.6233453259687997,0.5255327404666486,0.6356315698432111,1.0,0.7,0.543181285087584,0.6083553233972869,0.743007447856776,0.7712209736997075,,
1,0.6805345331805726,0.6569367713578336,0.6569367713578336,0.6201174344796535,0.5918970563775835,0.5881860639552109,0.4,0.64,0.6076402600140723,0.6584124115208426,0.6220667615458092,0.588175042091004,,
0,0.5532623265792975,0.5201417888307774,0.5201417888307774,0.5096881338537563,0.49075594782448717,0.5200418336191285,1.0,0.68,0.5004366080364157,0.5161767804282994,0.42817941046690206,0.4855734359712372,,
1,0.46780332758599624,0.4586395461009324,0.4905910633530239,0.4201922192937745,0.45937371322971243,0.4429700302901504,0.8,0.38,0.4067911602168655,0.30845458585990415,0.35440954030922545,0.32628694586546897,,
0,0.04805193023290626,0.05316619710329534,0.044836277505734996,0.10219595604106384,0.13404526309418044,0.13958266354356869,0.0,0.03,0.12057034848277652,0.1814301971072459,0.2105731803442291,0.11275402568328169,0.11920292202211755,0.1192029220221176
0,0.4034337898828457,0.5067288716014617,0.41819628319040264,0.4184426779552541,0.44428401314550775,0.4460509463929744,0.6666666666666666,0.36,0.29777529096675115,0.2705874872985625,0.34834356659717675,0.3036825787447111,,
0,0.33750061389436553,0.3592022025232753,0.3592022025232753,0.36757846905450753,0.46365123969050215,0.4528366346910277,1.0,0.51,0.5006308596412099,0.4753270846853874,0.5427631650289559,0.5074947750150559,,
0,0.09179638800221732,0.09425520396991342,0.08188881082852204,0.15778704258847326,0.18505509713648494,0.18992415316514102,0.75,0.26,0.24303151257742922,0.2680232080706598,0.24541691925941153,0.16154410706718567,0.24566321695362886,0.29138869283128405
1,0.8099565626793329,0.8427853498491158,0.8427853498491158,0.7085876948446961,0.6831503790514752,0.7075637293823505,0.8,0.54,0.6624422130493955,0.6119783172806031,0.5928016380543039,0.6153007176704106,,
0,0.06480693590141257,0.07524979344672846,0.07524979344672846,0.09360215909820022,0.11492474139322635,0.07766894017179328,0.2,0.11,0.219925986998543,0.18943642734237062,0.12127596503385579,0.0740355183978032,,
0,0.3566593458041498,0.32271233797247,0.32271233797247,0.3634894994789578,0.35035110567734656,0.3565412055818517,0.42857142857142855,0.31,0.3414223584513591,0.3054930315181139,0.3184893633329732,0.37267940598741545,,
0,0.5514515588633143,0.4880073409934131,0.47182840322870284,0.48471206803047223,0.45733727089865367,0.43560171104836887,1.0,0.41,0.450439146141597,0.48545007243529487,0.3858432648636955,0.44029837706842107,0.4939578461142008,0.43370906243919766
1,0.5827198440284688,0.5420444604604642,0.5420444604604642,0.5129349116699898,0.4780882803555839,0.4924634157677353,0.6,0.58,0.5091551519980635,0.5593591011274224,0.42240522872926484,0.5012048714771244,,
0,0.06746972099149998,0.07622585136430667,0.07622585136430667,0.09602213682633615,0.1125396532161984,0.0822581664332776,0.0,0.19,0.15959119309689457,0.13887873025676237,0.11292209206538144,0.15522587479348882,,
0,0.07672949589605328,0.08400049368201684,0.06697846677915552,0.12852853878709528,0.09410994145070851,0.11190300435465043,0.0,0.16,0.03836359164136494,0.0695934023275198,0.13113154298481566,0.16730155603263122,,
0,0.10274175456490739,0.1106118324442253,0.1106118324442253,0.15698650008190507,0.27763019785131693,0.2678097884557147,0.0,0.18,0.20078205106488647,0.11420148858855012,0.155351610371316,0.13467261377166873,,
0,0.5245143746226848,0.4978636298180944,0.5671876834688263,0.4386104020221458,0.40106182282943614,0.407473221662573,0.5,0.46,0.3288740332295836,0.3068708030343363,0.2763453504839014,0.3685377017794897,0.31303384358490854,0.3633194211780458
0,0.21892311199948478,0.20761109574184908,0.20761109574184908,0.24689174046601814,0.22170144466668212,0.22575169628576255,1.0,0.53,0.2733345666873789,0.2767452401014078,0.2873732366843353,0.1796973560096285,,
1,0.81601091101334,0.783991920055266,0.8056484138294099,0.7109779183327457,0.6525233170890983,0.6421712562130482,1.0,0.79,0.6716442771737308,0.6299582826773601,0.6151232196943305,0.6623315115859486,0.4939578461142008,0.6579167095102633
0,0.6664330358847578,0.6216428325697289,0.6216428325697289,0.5978750465264138,0.4331832749163306,0.45372643447108,1.0,0.64,0.5369290015952565,0.6689131261473509,0.5630290747071077,0.6482119601964985,,
0,0.18767541542675284,0.2124964982762732,0.19076943239028954,0.22563268274971265,0.1999523541866228,0.2122085468681871,0.0,0.37,0.26142717825723033,0.2955744610353243,0.3708964429704997,0.38718738741180236,,
0,0.7260429780902393,0.7452685539666197,0.7452685539666197,0.6027043065264731,0.612407834438177,0.6147087908714287,0.8,0.71,0.5076698428745491,0.4812973661430442,0.5197997206178906,0.49070420199040277,,
0,0.25745676105202653,0.2664946199843269,0.2664946199843269,0.2946566433087731,0.2587056275736094,0.26250674547386776,0.42857142857142855,0.13,0.3889560184683913,0.3049105095104234,0.2175184887271186,0.16140636724911123,,
0,0.05634568417465572,0.07073095965310684,0.06505882246213378,0.10323454192741538,0.08060545496262457,0.09971769693826142,0.0,0.07,0.09280713769720254,0.13251359437660065,0.19871665988714116,0.17652252529324497,,
0,0.15778001750982454,0.15405696023995208,0.15405696023995208,0.19075881653210203,0.19889569903901716,0.20318635640115815,0.5714285714285714,0.39,0.30345301889750126,0.5228082670172502,0.39275854306788904,0.4275164971686523,,
0,0.44474615237349285,0.4876758267646842,0.4876758267646842,0.4129910751123711,0.4536380441613618,0.4383168281942938,0.8,0.32,0.44499496508450487,0.399769797436063,0.3811696853336632,0.4132241370601292,,
0,0.1809370741170854,0.2500929572258474,0.23585904410343575,0.23360026688019653,0.25124729898091236,0.25304876276986155,0.4,0.34,0.2811977745833349,0.292904432487105,0.2297719411424369,0.2590170010804433,,
1,0.47321131582288867,0.5287537515019844,0.5287537515019844,0.4689544842211166,0.457950582605308,0.452614002049286,0.4444444444444444,0.56,0.6530601935780106,0.7675295652381381,0.4880743103565438,0.46802051217781776,,
0,0.22011423876491756,0.25146024886745,0.25146024886745,0.22373813994823688,0.264745439847927,0.22920723291340844,0.2,0.41,0.37316404461357666,0.32278664912642446,0.3729717557953741,0.3118190199478574,,
0,0.42644374155216,0.5529483028621212,0.48023488134337083,0.4595995778073151,0.4588277319564723,0.4411377195512257,1.0,0.51,0.4673692597911293,0.44989588750860343,0.41446707207110645,0.45419553888973785,,
1,0.7525906908408814,0.771179180120646,0.7694826834114428,0.6540305097409455,0.5264862503265726,0.5470982905127035,0.0,0.68,0.6624196549958139,0.5210725172951225,0.33572567954414706,0.6024097841293534,0.31303384358490854,0.5990464510924786
0,0.19463928042522208,0.1633157522989015,0.1633157522989015,0.2058517914696058,0.185093397883405,0.1870770570716574,0.16666666666666666,0.25,0.25586208952287653,0.24943619735259367,0.16521903877708674,0.13105014849254124,,
0,0.5614933493411194,0.5330214023665556,0.5183616944605496,0.5388246981354619,0.4649514301090823,0.4808380909654103,0.4,0.43,0.42958628422988887,0.42419328474291895,0.5535967547350961,0.5013486803196353,0.32275613335408726,0.41033887788951884
1,0.7064043839344776,0.7055660567987118,0.7055660567987118,0.6721992701860005,0.6373285804717487,0.6857304091870333,0.8571428571428571,0.8,0.6737841255935334,0.8328576178601385,0.7630378417428405,0.8485959222964682,,
0,0.6096204625637488,0.5377883091788065,0.5362014461666624,0.5155580872358018,0.5174727849709381,0.5001231395527739,1.0,0.41,0.4641547936136591,0.4485922306367435,0.3355541773953618,0.32916841901423716,,
1,0.5755900966238255,0.5324346579669772,0.5324346579669772,0.535971271746655,0.445646221852015,0.45988382454524873,0.5714285714285714,0.35,0.4588294371686027,0.43600930428884577,0.48676195181168164,0.49856877168111063,,
0,0.10463209787792796,0.09118397293767572,0.09630230421261088,0.14357894517423028,0.11753391396005305,0.1297556577064113,0.0,0.23,0.091596331628075,0.09050099103212697,0.12924821395153305,0.12113948819468376,,
1,0.48912145033669846,0.4249290683790431,0.47078002027484184,0.48057639193138396,0.45939390660229995,0.4590673842450498,1.0,0.37,0.5234600843356719,0.5506646118768942,0.44177848027815775,0.28644238521741855,,
1,0.37840684224216836,0.32689528550374225,0.37263284006887804,0.35403966742279463,0.3219673514663298,0.3678995204389208,1.0,0.45,0.5533591580035816,0.30905191348283884,0.31343539546157095,0.1933229661697908,,
1,0.5040786833308194,0.49224745465941055,0.5423966786113325,0.514106801465755,0.4469731488831994,0.5024028846269504,0.375,0.49,0.5334824438761115,0.45437781193992643,0.3883264034491333,0.42493316864639463,,
0,0.39831388917069743,0.3374681097886896,0.3374681097886896,0.36254265395585905,0.372325370184411,0.3607619876061852,0.0,0.39,0.4061689188525768,0.47247085236877195,0.3839847004718064,0.4735120919838548,,
0,0.32051832811037423,0.2567031618586536,0.2567031618586536,0.3417975873729717,0.30924665300010884,0.31755580269400174,0.4,0.5,0.36166560294836037,0.5019420292745496,0.44339863041441474,0.5671688995447811,,
0,0.21428400879534276,0.30080415223617896,0.30080415223617896,0.3007243745934076,0.3451271498729393,0.3440339673941272,1.0,0.48,0.5895086575041215,0.7509116656574067,0.35998602994073414,0.4234945393256905,,
0,0.07463354012495763,0.08985323047051898,0.08309302555898547,0.13305297516729278,0.16325014925943032,0.17057355978163585,0.0,0.08,0.1497953068068811,0.1814301971072459,0.2406717411193751,0.12711480936148206,0.1348680050290038,0.22872232700221534
0,0.6690084918894014,0.6833828076862994,0.6833828076862994,0.6398527358096248,0.6500340568636647,0.6385912043176405,1.0,0.66,0.5351015487604042,0.5521094001973155,0.5494968074692804,0.6675439556725673,,
1,0.3291705252942251,0.2273595564854647,0.2273595564854647,0.36993295063685444,0.3074168936384053,0.32664806299763544,0.3333333333333333,0.36,0.4202652042156144,0.46053742665348524,0.39019506128573134,0.5385021124535937,,
1,0.520444193113043,0.5247755474385145,0.5215176846413897,0.5140856829175027,0.5332891639134032,0.5227279597176668,1.0,0.69,0.6716442771737308,0.6299582826773601,0.6151232196943305,0.699680788564557,0.4939578461142008,0.6058745498068705
0,0.22691972125683296,0.2450623200343389,0.2450623200343389,0.2447782016235043,0.28531966108159207,0.2669018680746558,0.0,0.16,0.1430093848524672,0.13155234373212418,0.1512758208979139,0.145787676258816,,
0,0.2871079477321909,0.2770564041049081,0.2770564041049081,0.3023277830346777,0.3457683000586772,0.34131166573294597,0.0,0.26,0.283681566415884,0.22511922090421008,0.3765590167357362,0.28680264403078864,,
0,0.21485796785456557,0.25384145197826946,0.25384145197826946,0.26711403630021724,0.302495047808103,0.28286394649054786,0.6,0.28,0.14656312412669673,0.13014716176213176,0.18297693894934913,0.13205758161049733,,
1,0.6558093932733431,0.5697609427489266,0.5697609427489266,0.6032227527410271,0.6099180902801544,0.6151729454651942,0.5,0.73,0.5333164303958716,0.4957089857331256,0.533114782973035,0.5793942857775214,,
1,0.6970310840295706,0.6457416923975872,0.6748637670610844,0.6216980509847337,0.542568129460581,0.5307084710492896,1.0,0.64,0.5129811489502466,0.48545007243529487,0.4274298033208382,0.38269904456447246,0.4939578461142008,0.5466127768302309
0,0.3255875893993831,0.3372634078450413,0.3125581504170607,0.37897000323511454,0.35210062868639475,0.369934576415771,0.0,0.56,0.7839015675902339,0.47313472593375133,0.4217880596685091,0.8501573878306248,,
0,0.5062251462540381,0.5359714258668341,0.5359714258668341,0.4664985564899169,0.47663139111138275,0.4725112994585629,0.6666666666666666,0.56,0.46637214223809154,0.39791982558380484,0.4333994006591021,0.38259941744530296,,
1,0.906006941630316,0.9082423391322795,0.9082423391322795,0.8457708198796722,0.7500394865723229,0.8036946667610304,0.16666666666666666,0.65,0.8150962225854372,0.7486288761551335,0.6685265132260981,0.6650518749173656,,
1,0.8858729716118704,0.8581755187714473,0.8581755187714473,0.8592822228815495,0.8037754870200463,0.8664771464601004,0.6666666666666666,0.63,0.7397998375011525,0.7486923746068977,0.7525098698084238,0.81405327002925,,
0,0.14245965822074327,0.170397110521499,0.1545955400779447,0.19757534360950682,0.24767025546535107,0.250543515874021,0.5,0.13,0.2619594746731275,0.2851888594627613,0.3163494605777219,0.21958740166898408,0.32275613335408726,0.29138869283128405
0,0.021722467585291207,0.021272242288366147,0.020158668295388534,0.05047758845494142,0.028170138897300214,0.03767742732626795,0.0,0.05,0.03394808527335928,0.06371239953614989,0.09113417265507354,0.06905081486612148,,
1,0.8412733304409062,0.8075473029803713,0.8075473029803713,0.8075136557478996,0.8088273970808392,0.8135949317499744,0.42857142857142855,0.65,0.6567986537171068,0.6962389655623927,0.7536691283385746,0.7194527208540051,,
0,0.3532406592825336,0.3886819792720089,0.4308494384912247,0.39001472498651457,0.42790286304562375,0.4208075604512648,0.2,0.5,0.44343057894825866,0.4542081860421468,0.4094410482361858,0.31543588337629525,,
1,0.7922169259372648,0.7568788348216942,0.7568788348216942,0.7541300647159802,0.6824570324165726,0.7643027621045769,0.25,0.5,0.5754416393767418,0.7033747967357288,0.6263445610016032,0.40067862127276177,,
1,0.6531208064196571,0.4981910244533641,0.5817928385940117,0.5408387503977746,0.47829734206845403,0.45346160432921107,1.0,0.52,0.450439146141597,0.48545007243529487,0.3485627247414936,0.24056074789286497,0.4939578461142008,0.4442270413013276
0,0.5569739461891604,0.5711239723074041,0.5850305107525647,0.5388005917983777,0.5338226919778353,0.5304336422359374,0.0,0.31,0.361297666308116,0.3420642019283475,0.29005382012799397,0.21535813905126658,,
1,0.3094923898732763,0.3071829478352865,0.31809824576769136,0.3122671536648198,0.3167220635294246,0.3169464954949606,0.0,0.22,0.24378585971361022,0.22660038152169723,0.1651378444589808,0.1478916446166056,,
0,0.5756271961048651,0.5481653427353905,0.5481653427353905,0.5637903716267485,0.5542087975996851,0.5472946493760932,0.16666666666666666,0.69,0.6074256800199588,0.704167782417833,0.669123320836169,0.7781927529545907,,
0,0.25564986040717874,0.2553867759303352,0.2553867759303352,0.328244688958581,0.32614010333544735,0.3257777028815108,0.0,0.27,0.23724420409784167,0.13448773385200885,0.19184613420570362,0.14648079266541786,,
0,0.44582180580438224,0.4288705109859043,0.4288705109859043,0.42139208227571506,0.4393778888599719,0.4366160956304335,1.0,0.35,0.45243355950492464,0.4416878772152073,0.33203425008206766,0.38918879903384196,,
0,0.14004322800953492,0.13346436971648182,0.13346436971648182,0.16560878450188782,0.17251471600676185,0.14730979890128104,0.5555555555555556,0.1,0.2055151999689004,0.18954966174847462,0.14309981475147998,0.10500619530457272,,
0,0.18867596819434776,0.17688153800516546,0.17688153800516546,0.2199420067447919,0.2876717306345722,0.28101590425475653,0.2,0.35,0.25253019882890887,0.2125695842996179,0.3013584306418464,0.27782694283401804,,
0,0.3367179036960872,0.28466460086583667,0.28466460086583667,0.32663872580744363,0.3827205443310007,0.35422789820027334,0.2,0.47,0.3495340207645275,0.644690709438039,0.3629852430675361,0.321883625589015,,
1,0.7535918721757714,0.7509464498299088,0.7509464498299088,0.6775623278570807,0.6119590272376848,0.6445979479850884,0.6,0.65,0.6635399414783221,0.6208212050441334,0.6620802083134759,0.6998854199868624,,
1,0.7171330803216781,0.6949790249975311,0.6500284002608041,0.6342037156430811,0.5554849331934854,0.7025084311077694,1.0,0.6,0.5100301920303244,0.4500880560781458,0.5553367533530794,0.7377758011606156,,
1,0.11420163782985757,0.1045593194997268,0.10981794081513709,0.15571120689158413,0.12993487101307682,0.14437208848843958,0.0,0.11,0.192355203696259,0.20618975890383687,0.18913112551561262,0.21298608756402437,,
0,0.0591089278128286,0.061811928391318924,0.061811928391318924,0.08806258743205693,0.07653981112937026,0.07571174562355454,0.0,0.09,0.12391939535187321,0.13543693850249147,0.06877862744679547,0.09654203963327763,,
0,0.3478253413933045,0.3874129892037415,0.36116658496857307,0.3879626748222772,0.37178715296031556,0.38560653413512774,0.6666666666666666,0.53,0.3119302248954109,0.3069431752483227,0.3847162250459817,0.3270409853129768,,
0,0.1667610943652308,0.2256047424926933,0.16447309912988212,0.21059747508983373,0.26135951405055774,0.1728933396718645,0.0,0.26,0.145669472883503,0.2103288295986737,0.1615789459380546,0.12124399008873801,,
0,0.3767819951798264,0.41769990685123143,0.37891198336407766,0.36595114038548615,0.36618074219794233,0.3817733084972926,0.6666666666666666,0.33,0.3210348393980947,0.28967005426829606,0.2130006975523304,0.3949507636577089,,
0,0.096771663280059,0.11367376510538157,0.11367376510538157,0.14952944598309803,0.18098486847083792,0.16776651362190587,0.0,0.07,0.11635557491945853,0.10324613501181312,0.1320493480394867,0.12959451521650198,,
0,0.07356800430816215,0.05253495971069164,0.06294730996420096,0.0958211245462485,0.1175794527445409,0.07571579625439236,0.0,0.12,0.06982319739850966,0.09814651844968451,0.0856016263205003,0.1558222286408418,,
0,0.020401682097744976,0.021309959390567915,0.021309959390567915,0.04895445183422262,0.07232325932558278,0.07125510524608615,0.4,0.17,0.06058714218192463,0.11632552747418923,0.17274977740410577,0.1299830734923195,,
0,0.042079696741943964,0.05253495971069164,0.03471285171385369,0.07109397412345604,0.11816408415483486,0.047933434958588206,0.0,0.04,0.06982319739850966,0.09814651844968451,0.07454272629477884,0.09892838583368223,,
0,0.033237134273704796,0.03265951828803396,0.03265951828803396,0.07472017938864506,0.09746316159931245,0.08537650650337823,0.0,0.01,0.06933250467831817,0.0656461969491505,0.11489778102443506,0.07476749100229951,,
0,0.15511644873732078,0.1287704060548719,0.1287704060548719,0.1694954302714146,0.1549554364451123,0.1572271964500285,0.3333333333333333,0.22,0.17239957723682664,0.24043454721290408,0.15253263425018407,0.1713689720709037,,
0,0.0355023798398169,0.02509026446957251,0.026715483801734947,0.07507637975461738,0.09782551716310255,0.1032505789000904,0.0,0.03,0.12057034848277652,0.1814301971072459,0.2105731803442291,0.13315186468174778,0.11920292202211755,0.1192029220221176
0,0.11236525932558411,0.14107668132849802,0.10938054635449232,0.14768324927983323,0.1781341905696469,0.12281694772424,0.0,0.03,0.09055368616803852,0.09940462931713522,0.10375262308701712,0.08467347987376866,,
0,0.056049382764508056,0.04151084141566778,0.04151084141566778,0.07945554783617752,0.05875233758473986,0.06182749754499836,0.0,0.01,0.09371042187481944,0.0750607137618894,0.0970082024603917,0.05119820497584537,,
0,0.0958912860007672,0.08701756788917385,0.08701756788917385,0.14028642537403505,0.1690037528783328,0.15469024786942914,0.2857142857142857,0.11,0.22303371742253458,0.21319300570826472,0.16262859712263092,0.16169042012716595,,
0,0.1866940740268064,0.18228456394284856,0.18228456394284856,0.19775241374683167,0.20786950788776418,0.19100733798351271,0.2857142857142857,0.33,0.25586208952287653,0.24943619735259367,0.2112954827921711,0.1541712947054395,,
0,0.14682867741891892,0.16883955357178357,0.16883955357178357,0.1748829812565008,0.1876459705451236,0.15719727095726982,0.0,0.28,0.2055151999689004,0.19619308293179016,0.23345880282862103,0.39323101932621796,,
0,0.10365251523448189,0.10037150916981687,0.10037150916981687,0.14247031036237154,0.21252662268851946,0.21631263679182883,0.0,0.01,0.1853653672529742,0.09725178135890072,0.18044954463061652,0.1393847514739596,,
0,0.4336516231481994,0.36952584439544384,0.41089231340697463,0.4680076215144573,0.41782229870349014,0.4277127637020473,0.0,0.45,0.6487341786293555,0.3711447802885221,0.46381125976992843,0.4534180675232311,,
0,0.23739230663733113,0.2440011494966561,0.24075280457819107,0.25152741036484444,0.2552565768124432,0.254614792728934,0.2857142857142857,0.27,0.2812186662371189,0.2701522598261634,0.3290015164084178,0.262001453980962,,
0,0.09689049202809152,0.11655100922696449,0.11655100922696449,0.13606575663159537,0.11994739989275616,0.11917304953626463,0.0,0.05,0.1095104650574065,0.08607973659555698,0.14614621479028012,0.15843785015052092,,
0,0.19937455489699507,0.19754089537211914,0.19754089537211914,0.21633013063250153,0.21340833715425458,0.21050622469582633,0.0,0.24,0.14383916429188204,0.20974296255784444,0.2171854062132164,0.17803213498837583,,
1,0.08514726385728162,0.09565739004692174,0.09565739004692174,0.15386967526027223,0.18504517890981578,0.17090098147407246,0.0,0.22,0.10524058058980226,0.09180435989802005,0.1317953724547771,0.10004607218752593,,
0,0.09194865571301779,0.07498981251570667,0.09007609886314975,0.12892927611772542,0.12441066959754117,0.1224346648955604,0.0,0.01,0.08984562400728674,0.07279651587175838,0.17072277768230187,0.08437357363742959,,
0,0.12612651950615333,0.1829397053159622,0.12076519515075734,0.16211566191085514,0.22295249510913456,0.13738281169436645,0.0,0.19,0.16805985615318583,0.18129008383799944,0.1720999114574136,0.19708023686770704,,
1,0.5529977512066295,0.5518117974118226,0.5518117974118226,0.516918870902994,0.44758363663284156,0.451933136137074,0.3333333333333333,0.42,0.4222526716776944,0.3863716609110945,0.4560143674818961,0.4278378030127562,,
0,0.1260927915825242,0.09989081299904484,0.09989081299904484,0.15575787411297548,0.15385895484691892,0.1539411279149248,0.2,0.38,0.20080971490520622,0.2566916770323971,0.22729999028608,0.4439443849492355,,
0,0.062099307861426756,0.06243999343733786,0.06477377270666779,0.09076679828695061,0.07319700977483554,0.08331790366133746,0.0,0.13,0.02836552791340096,0.08650420626800844,0.130866474239748,0.09779500824798408,,
0,0.4787772292196129,0.43967667921371034,0.43405330083396587,0.4609608112015469,0.44937900291980604,0.4413087461650832,0.16666666666666666,0.2,0.3153977175074405,0.26515702270683184,0.25138138917375613,0.29206164952493663,,
1,0.3046367241779861,0.3707825549150177,0.27062977673938443,0.3599600431309838,0.3809631172747995,0.3625970026342096,0.14285714285714285,0.57,0.5529649641032275,0.6555301256202374,0.4441797335518184,0.5067803915042971,,
1,0.20023924756966058,0.20331634999149142,0.20331634999149142,0.24950648161979497,0.24889270208644712,0.24712845521677915,0.4,0.21,0.20434727279601803,0.2183128660960905,0.22371818598786924,0.2231821105878519,,
1,0.07974115142906983,0.06439377913866876,0.06439377913866876,0.10637108755717899,0.08406035136034462,0.08833747783264344,0.4,0.11,0.07366213774621742,0.07157316024438912,0.17331712876903377,0.15872287171265503,,
0,0.5589566271632347,0.531320919398011,0.531320919398011,0.5438392686549958,0.5123580423891506,0.5383233109851725,0.6666666666666666,0.55,0.6287459020740427,0.7903605815334013,0.5750911585788747,0.7065136035537961,,
0,0.6752685740603895,0.5142609060215549,0.6653918184512424,0.5973704400190325,0.5730003410534699,0.5666018656436996,1.0,0.46,0.4174188876103903,0.39112791749613135,0.27857809854105553,0.2762477993006514,,
1,0.32550717664117834,0.2842813382960826,0.2624571821279507,0.356156609414512,0.3250966559554256,0.3331609089828923,0.3333333333333333,0.43,0.40984334778192566,0.40826328884172974,0.4176636536563249,0.5487409992950283,,
0,0.125418378797211,0.16362404692411278,0.1237655472797732,0.15067702822952725,0.18693146531508464,0.18525942957355232,0.0,0.41,0.4461433639316347,0.3365187423386796,0.45032802167270325,0.39923962543988933,,
0,0.5417943542584263,0.5480024889455029,0.5480024889455029,0.514340631086304,0.4694101554450106,0.5217838672919853,0.8,0.34,0.3426819124936373,0.3440526188193452,0.3412254194384605,0.3473410974631405,,
1,0.6151728443743815,0.46604728345092516,0.46604728345092516,0.49744041746898443,0.4022931635771906,0.4089756071925227,0.6,0.36,0.2497930806251312,0.15610890818890927,0.2940370981127313,0.3118610681776115,,
